"松山機場","2019-06-01",5237,4923
"松山機場","2019-06-02",5330,5182
"松山機場","2019-06-03",5874,5933
"松山機場","2019-06-04",6226,5355
"松山機場","2019-06-05",6251,6084
"松山機場","2019-06-06",6700,6842
"松山機場","2019-06-07",4702,4703
"松山機場","2019-06-08",4884,4144
"松山機場","2019-06-09",5873,5206
"松山機場","2019-06-10",6584,6462
"松山機場","2019-06-11",6459,6058
"松山機場","2019-06-12",6033,5969
"松山機場","2019-06-13",6261,6656
"松山機場","2019-06-14",7526,7033
"松山機場","2019-06-15",5781,5372
"松山機場","2019-06-16",5880,5244
"松山機場","2019-06-17",6461,6419
"松山機場","2019-06-18",6491,5991
"松山機場","2019-06-19",6348,6094
"松山機場","2019-06-20",6399,6381
"松山機場","2019-06-21",7349,6946
"松山機場","2019-06-22",5691,5447
"松山機場","2019-06-23",5415,5162
"松山機場","2019-06-24",6459,6708
"松山機場","2019-06-25",6915,6500
"松山機場","2019-06-26",6655,6602
"松山機場","2019-06-27",6641,6661
"松山機場","2019-06-28",7448,7105
"松山機場","2019-06-29",5912,5313
"松山機場","2019-06-30",6047,5349
"中山國中","2019-06-01",11141,10745
"中山國中","2019-06-02",8689,8385
"中山國中","2019-06-03",15554,15365
"中山國中","2019-06-04",15670,15654
"中山國中","2019-06-05",15851,15846
"中山國中","2019-06-06",16240,15785
"中山國中","2019-06-07",7627,7152
"中山國中","2019-06-08",9072,8767
"中山國中","2019-06-09",7972,8125
"中山國中","2019-06-10",15286,15181
"中山國中","2019-06-11",16122,15921
"中山國中","2019-06-12",16448,16262
"中山國中","2019-06-13",16468,16382
"中山國中","2019-06-14",16923,16824
"中山國中","2019-06-15",10945,10668
"中山國中","2019-06-16",9128,8981
"中山國中","2019-06-17",15451,15186
"中山國中","2019-06-18",15850,15538
"中山國中","2019-06-19",15753,15679
"中山國中","2019-06-20",15824,15938
"中山國中","2019-06-21",16513,16465
"中山國中","2019-06-22",10695,10491
"中山國中","2019-06-23",8362,8441
"中山國中","2019-06-24",15396,15418
"中山國中","2019-06-25",15750,15387
"中山國中","2019-06-26",15985,15729
"中山國中","2019-06-27",15864,15672
"中山國中","2019-06-28",16827,16638
"中山國中","2019-06-29",11758,11128
"中山國中","2019-06-30",9383,9231
"南京復興","2019-06-01",25514,26936
"南京復興","2019-06-02",20214,21013
"南京復興","2019-06-03",41774,43854
"南京復興","2019-06-04",42779,45001
"南京復興","2019-06-05",42766,45031
"南京復興","2019-06-06",43099,46218
"南京復興","2019-06-07",17355,18536
"南京復興","2019-06-08",20421,21834
"南京復興","2019-06-09",17634,18592
"南京復興","2019-06-10",41943,43920
"南京復興","2019-06-11",43663,45585
"南京復興","2019-06-12",44369,46274
"南京復興","2019-06-13",44500,47143
"南京復興","2019-06-14",45054,49031
"南京復興","2019-06-15",26623,28011
"南京復興","2019-06-16",19852,20886
"南京復興","2019-06-17",41282,43737
"南京復興","2019-06-18",42096,44604
"南京復興","2019-06-19",42585,45245
"南京復興","2019-06-20",43090,45771
"南京復興","2019-06-21",44464,47985
"南京復興","2019-06-22",25660,27178
"南京復興","2019-06-23",19845,20227
"南京復興","2019-06-24",42720,45336
"南京復興","2019-06-25",44448,45403
"南京復興","2019-06-26",44097,45964
"南京復興","2019-06-27",43514,46589
"南京復興","2019-06-28",44667,48150
"南京復興","2019-06-29",25379,26874
"南京復興","2019-06-30",19702,20601
"忠孝復興","2019-06-01",52535,52319
"忠孝復興","2019-06-02",40858,40072
"忠孝復興","2019-06-03",43131,42899
"忠孝復興","2019-06-04",44839,44780
"忠孝復興","2019-06-05",46402,46419
"忠孝復興","2019-06-06",53295,53276
"忠孝復興","2019-06-07",40705,41548
"忠孝復興","2019-06-08",47824,48897
"忠孝復興","2019-06-09",40013,39670
"忠孝復興","2019-06-10",44353,43748
"忠孝復興","2019-06-11",45812,45286
"忠孝復興","2019-06-12",48397,47892
"忠孝復興","2019-06-13",47645,46937
"忠孝復興","2019-06-14",52814,53317
"忠孝復興","2019-06-15",52609,53000
"忠孝復興","2019-06-16",41954,41161
"忠孝復興","2019-06-17",44217,44015
"忠孝復興","2019-06-18",46192,46166
"忠孝復興","2019-06-19",46987,46993
"忠孝復興","2019-06-20",47395,47236
"忠孝復興","2019-06-21",53181,53682
"忠孝復興","2019-06-22",51165,50879
"忠孝復興","2019-06-23",42095,40186
"忠孝復興","2019-06-24",44758,44599
"忠孝復興","2019-06-25",46530,45366
"忠孝復興","2019-06-26",47947,47268
"忠孝復興","2019-06-27",48223,47709
"忠孝復興","2019-06-28",56658,56312
"忠孝復興","2019-06-29",51838,52192
"忠孝復興","2019-06-30",42502,41383
"大安","2019-06-01",20361,20756
"大安","2019-06-02",17344,18053
"大安","2019-06-03",27839,27701
"大安","2019-06-04",27696,27703
"大安","2019-06-05",28550,28413
"大安","2019-06-06",28255,28104
"大安","2019-06-07",11777,12038
"大安","2019-06-08",14445,15162
"大安","2019-06-09",11715,12591
"大安","2019-06-10",26562,26278
"大安","2019-06-11",27797,27458
"大安","2019-06-12",28443,27866
"大安","2019-06-13",28065,27933
"大安","2019-06-14",28856,29231
"大安","2019-06-15",20527,21419
"大安","2019-06-16",15930,16522
"大安","2019-06-17",26438,26364
"大安","2019-06-18",26969,26963
"大安","2019-06-19",26933,26772
"大安","2019-06-20",27493,27383
"大安","2019-06-21",27908,28321
"大安","2019-06-22",17163,17920
"大安","2019-06-23",14130,14451
"大安","2019-06-24",26448,26329
"大安","2019-06-25",27367,26946
"大安","2019-06-26",27294,27090
"大安","2019-06-27",27251,27218
"大安","2019-06-28",28944,29027
"大安","2019-06-29",16174,17113
"大安","2019-06-30",14009,14379
"科技大樓","2019-06-01",14483,14006
"科技大樓","2019-06-02",10783,10487
"科技大樓","2019-06-03",16475,16084
"科技大樓","2019-06-04",16977,16434
"科技大樓","2019-06-05",16341,15741
"科技大樓","2019-06-06",18101,17275
"科技大樓","2019-06-07",10099,9728
"科技大樓","2019-06-08",10867,10682
"科技大樓","2019-06-09",10211,10381
"科技大樓","2019-06-10",15790,15339
"科技大樓","2019-06-11",16826,16180
"科技大樓","2019-06-12",16972,16228
"科技大樓","2019-06-13",16871,16265
"科技大樓","2019-06-14",17235,16581
"科技大樓","2019-06-15",12076,11778
"科技大樓","2019-06-16",9472,9018
"科技大樓","2019-06-17",15344,14830
"科技大樓","2019-06-18",15756,15306
"科技大樓","2019-06-19",15855,15369
"科技大樓","2019-06-20",15981,15630
"科技大樓","2019-06-21",16757,16205
"科技大樓","2019-06-22",11478,11207
"科技大樓","2019-06-23",9497,9101
"科技大樓","2019-06-24",15049,14516
"科技大樓","2019-06-25",15420,14850
"科技大樓","2019-06-26",15679,15108
"科技大樓","2019-06-27",14769,14196
"科技大樓","2019-06-28",16160,15348
"科技大樓","2019-06-29",11260,10863
"科技大樓","2019-06-30",8794,8551
"六張犁","2019-06-01",9767,9453
"六張犁","2019-06-02",7687,7532
"六張犁","2019-06-03",12331,11934
"六張犁","2019-06-04",12694,12428
"六張犁","2019-06-05",12743,12291
"六張犁","2019-06-06",13242,12396
"六張犁","2019-06-07",7058,6697
"六張犁","2019-06-08",7589,7393
"六張犁","2019-06-09",6512,6935
"六張犁","2019-06-10",12080,11964
"六張犁","2019-06-11",12223,12263
"六張犁","2019-06-12",12766,12555
"六張犁","2019-06-13",12775,12423
"六張犁","2019-06-14",13165,12886
"六張犁","2019-06-15",9410,9190
"六張犁","2019-06-16",7537,7501
"六張犁","2019-06-17",12189,11952
"六張犁","2019-06-18",12284,11987
"六張犁","2019-06-19",12187,11778
"六張犁","2019-06-20",12344,12227
"六張犁","2019-06-21",12905,12587
"六張犁","2019-06-22",8917,8715
"六張犁","2019-06-23",6983,7161
"六張犁","2019-06-24",12109,11881
"六張犁","2019-06-25",12339,12154
"六張犁","2019-06-26",12496,12254
"六張犁","2019-06-27",12312,12010
"六張犁","2019-06-28",13002,12554
"六張犁","2019-06-29",9127,8749
"六張犁","2019-06-30",7162,7132
"麟光","2019-06-01",4517,4277
"麟光","2019-06-02",3865,3783
"麟光","2019-06-03",4427,4056
"麟光","2019-06-04",4594,4098
"麟光","2019-06-05",4674,4351
"麟光","2019-06-06",4868,4370
"麟光","2019-06-07",3718,3326
"麟光","2019-06-08",3715,3686
"麟光","2019-06-09",3426,3635
"麟光","2019-06-10",4505,4336
"麟光","2019-06-11",4647,4318
"麟光","2019-06-12",4553,4434
"麟光","2019-06-13",4600,4305
"麟光","2019-06-14",5091,4307
"麟光","2019-06-15",4320,4105
"麟光","2019-06-16",3895,3811
"麟光","2019-06-17",4404,4129
"麟光","2019-06-18",4439,4189
"麟光","2019-06-19",4502,4109
"麟光","2019-06-20",4456,4034
"麟光","2019-06-21",4627,4177
"麟光","2019-06-22",4157,3915
"麟光","2019-06-23",3621,3649
"麟光","2019-06-24",4534,4131
"麟光","2019-06-25",4506,4567
"麟光","2019-06-26",4722,4526
"麟光","2019-06-27",4478,4195
"麟光","2019-06-28",4953,4484
"麟光","2019-06-29",4407,4109
"麟光","2019-06-30",3821,3856
"辛亥","2019-06-01",2736,2645
"辛亥","2019-06-02",2369,2392
"辛亥","2019-06-03",3283,3014
"辛亥","2019-06-04",3452,3266
"辛亥","2019-06-05",3413,3172
"辛亥","2019-06-06",3437,3073
"辛亥","2019-06-07",1862,1607
"辛亥","2019-06-08",2290,2240
"辛亥","2019-06-09",2103,2204
"辛亥","2019-06-10",3169,3024
"辛亥","2019-06-11",3321,3124
"辛亥","2019-06-12",3452,3113
"辛亥","2019-06-13",3439,3163
"辛亥","2019-06-14",3511,3194
"辛亥","2019-06-15",2786,2667
"辛亥","2019-06-16",2309,2244
"辛亥","2019-06-17",3379,3059
"辛亥","2019-06-18",3453,3200
"辛亥","2019-06-19",3301,3057
"辛亥","2019-06-20",3364,3071
"辛亥","2019-06-21",3532,3125
"辛亥","2019-06-22",2692,2550
"辛亥","2019-06-23",2168,2195
"辛亥","2019-06-24",3318,3088
"辛亥","2019-06-25",3397,3133
"辛亥","2019-06-26",3329,3060
"辛亥","2019-06-27",3395,3126
"辛亥","2019-06-28",3491,3175
"辛亥","2019-06-29",2720,2569
"辛亥","2019-06-30",2204,2152
"萬芳醫院","2019-06-01",11170,11086
"萬芳醫院","2019-06-02",8446,9783
"萬芳醫院","2019-06-03",14583,15596
"萬芳醫院","2019-06-04",14584,15298
"萬芳醫院","2019-06-05",14901,15456
"萬芳醫院","2019-06-06",16672,15614
"萬芳醫院","2019-06-07",7230,6946
"萬芳醫院","2019-06-08",8413,8585
"萬芳醫院","2019-06-09",7066,8853
"萬芳醫院","2019-06-10",14313,15500
"萬芳醫院","2019-06-11",14767,15771
"萬芳醫院","2019-06-12",17821,18947
"萬芳醫院","2019-06-13",15079,15979
"萬芳醫院","2019-06-14",16481,16160
"萬芳醫院","2019-06-15",12052,12355
"萬芳醫院","2019-06-16",8564,9473
"萬芳醫院","2019-06-17",14709,14935
"萬芳醫院","2019-06-18",13266,14116
"萬芳醫院","2019-06-19",13528,14321
"萬芳醫院","2019-06-20",14476,15384
"萬芳醫院","2019-06-21",16044,15765
"萬芳醫院","2019-06-22",9627,9831
"萬芳醫院","2019-06-23",6981,8155
"萬芳醫院","2019-06-24",14335,15291
"萬芳醫院","2019-06-25",14370,15481
"萬芳醫院","2019-06-26",14719,15411
"萬芳醫院","2019-06-27",13342,13920
"萬芳醫院","2019-06-28",15190,14609
"萬芳醫院","2019-06-29",9585,9480
"萬芳醫院","2019-06-30",7710,9144
"萬芳社區","2019-06-01",1941,1676
"萬芳社區","2019-06-02",1675,1500
"萬芳社區","2019-06-03",2634,2191
"萬芳社區","2019-06-04",2692,2147
"萬芳社區","2019-06-05",2748,2191
"萬芳社區","2019-06-06",2800,2210
"萬芳社區","2019-06-07",1628,1300
"萬芳社區","2019-06-08",1861,1559
"萬芳社區","2019-06-09",1561,1372
"萬芳社區","2019-06-10",2538,2057
"萬芳社區","2019-06-11",2642,2028
"萬芳社區","2019-06-12",2685,2166
"萬芳社區","2019-06-13",2626,2099
"萬芳社區","2019-06-14",2786,2169
"萬芳社區","2019-06-15",2138,1741
"萬芳社區","2019-06-16",1688,1478
"萬芳社區","2019-06-17",2633,2156
"萬芳社區","2019-06-18",2733,2236
"萬芳社區","2019-06-19",2807,2186
"萬芳社區","2019-06-20",2763,2162
"萬芳社區","2019-06-21",2836,2237
"萬芳社區","2019-06-22",2011,1711
"萬芳社區","2019-06-23",1540,1323
"萬芳社區","2019-06-24",2652,2137
"萬芳社區","2019-06-25",2782,2297
"萬芳社區","2019-06-26",2780,2215
"萬芳社區","2019-06-27",2787,2203
"萬芳社區","2019-06-28",2932,2317
"萬芳社區","2019-06-29",2090,1677
"萬芳社區","2019-06-30",1702,1464
"木柵","2019-06-01",3408,3556
"木柵","2019-06-02",3031,3097
"木柵","2019-06-03",4735,4948
"木柵","2019-06-04",4361,4742
"木柵","2019-06-05",4370,4653
"木柵","2019-06-06",4536,4638
"木柵","2019-06-07",2701,2657
"木柵","2019-06-08",3232,3115
"木柵","2019-06-09",2893,2896
"木柵","2019-06-10",4263,4673
"木柵","2019-06-11",4268,4620
"木柵","2019-06-12",4384,4649
"木柵","2019-06-13",4222,4702
"木柵","2019-06-14",4609,4840
"木柵","2019-06-15",3956,3929
"木柵","2019-06-16",3030,3084
"木柵","2019-06-17",4349,4616
"木柵","2019-06-18",4497,4786
"木柵","2019-06-19",4398,4657
"木柵","2019-06-20",4255,4576
"木柵","2019-06-21",4547,4613
"木柵","2019-06-22",3103,3197
"木柵","2019-06-23",2364,2524
"木柵","2019-06-24",4079,4387
"木柵","2019-06-25",4228,4563
"木柵","2019-06-26",4226,4580
"木柵","2019-06-27",4298,4534
"木柵","2019-06-28",4543,4633
"木柵","2019-06-29",3230,3413
"木柵","2019-06-30",2885,2852
"動物園","2019-06-01",6609,6860
"動物園","2019-06-02",6352,6985
"動物園","2019-06-03",5599,5865
"動物園","2019-06-04",5645,5784
"動物園","2019-06-05",7797,7725
"動物園","2019-06-06",7925,7183
"動物園","2019-06-07",8313,8307
"動物園","2019-06-08",10877,11568
"動物園","2019-06-09",8881,9714
"動物園","2019-06-10",5331,5997
"動物園","2019-06-11",5306,5457
"動物園","2019-06-12",6438,6448
"動物園","2019-06-13",6098,6017
"動物園","2019-06-14",6817,6470
"動物園","2019-06-15",10582,11134
"動物園","2019-06-16",10214,10752
"動物園","2019-06-17",6070,6377
"動物園","2019-06-18",7355,7552
"動物園","2019-06-19",5891,5947
"動物園","2019-06-20",5828,5773
"動物園","2019-06-21",6286,6096
"動物園","2019-06-22",5504,5615
"動物園","2019-06-23",3207,3663
"動物園","2019-06-24",4034,4182
"動物園","2019-06-25",5627,5669
"動物園","2019-06-26",5699,5676
"動物園","2019-06-27",5786,5649
"動物園","2019-06-28",6101,5726
"動物園","2019-06-29",8990,9320
"動物園","2019-06-30",7862,8442
"大直","2019-06-01",8062,7830
"大直","2019-06-02",6030,6718
"大直","2019-06-03",10121,10455
"大直","2019-06-04",10825,10800
"大直","2019-06-05",10885,11042
"大直","2019-06-06",11261,10306
"大直","2019-06-07",6756,6956
"大直","2019-06-08",6007,6463
"大直","2019-06-09",5470,6543
"大直","2019-06-10",9936,10289
"大直","2019-06-11",10243,10384
"大直","2019-06-12",10610,10643
"大直","2019-06-13",10525,10576
"大直","2019-06-14",10934,10503
"大直","2019-06-15",7775,7772
"大直","2019-06-16",6039,6873
"大直","2019-06-17",9995,10191
"大直","2019-06-18",10265,10346
"大直","2019-06-19",10465,10510
"大直","2019-06-20",10422,10574
"大直","2019-06-21",11110,10765
"大直","2019-06-22",7532,7780
"大直","2019-06-23",5819,6307
"大直","2019-06-24",8428,8649
"大直","2019-06-25",8705,8976
"大直","2019-06-26",8828,8890
"大直","2019-06-27",9040,8964
"大直","2019-06-28",9492,9123
"大直","2019-06-29",6745,6915
"大直","2019-06-30",5494,6201
"劍南路","2019-06-01",13570,13989
"劍南路","2019-06-02",11998,12488
"劍南路","2019-06-03",11536,11654
"劍南路","2019-06-04",11379,11408
"劍南路","2019-06-05",12196,12069
"劍南路","2019-06-06",12387,12445
"劍南路","2019-06-07",9418,9567
"劍南路","2019-06-08",11009,11471
"劍南路","2019-06-09",10906,11323
"劍南路","2019-06-10",10554,10809
"劍南路","2019-06-11",10864,11062
"劍南路","2019-06-12",11682,11828
"劍南路","2019-06-13",11196,11281
"劍南路","2019-06-14",13139,13203
"劍南路","2019-06-15",13604,14160
"劍南路","2019-06-16",11267,11366
"劍南路","2019-06-17",11006,11395
"劍南路","2019-06-18",11693,11828
"劍南路","2019-06-19",11655,11929
"劍南路","2019-06-20",11727,11954
"劍南路","2019-06-21",13288,13690
"劍南路","2019-06-22",12858,13170
"劍南路","2019-06-23",9871,10229
"劍南路","2019-06-24",10823,11138
"劍南路","2019-06-25",11167,11215
"劍南路","2019-06-26",11640,11931
"劍南路","2019-06-27",11922,12125
"劍南路","2019-06-28",14706,15069
"劍南路","2019-06-29",13953,14325
"劍南路","2019-06-30",12358,12838
"西湖","2019-06-01",6561,6651
"西湖","2019-06-02",4785,5314
"西湖","2019-06-03",18159,19042
"西湖","2019-06-04",19010,19985
"西湖","2019-06-05",18734,19478
"西湖","2019-06-06",19709,19322
"西湖","2019-06-07",4333,4100
"西湖","2019-06-08",4697,4854
"西湖","2019-06-09",4168,4979
"西湖","2019-06-10",18803,19523
"西湖","2019-06-11",19526,20158
"西湖","2019-06-12",19504,19970
"西湖","2019-06-13",19775,20443
"西湖","2019-06-14",19731,20059
"西湖","2019-06-15",6338,6443
"西湖","2019-06-16",4906,5346
"西湖","2019-06-17",18386,19264
"西湖","2019-06-18",19039,19809
"西湖","2019-06-19",19002,19704
"西湖","2019-06-20",19119,19903
"西湖","2019-06-21",19639,19787
"西湖","2019-06-22",7186,7123
"西湖","2019-06-23",4696,5047
"西湖","2019-06-24",18671,19598
"西湖","2019-06-25",19134,19477
"西湖","2019-06-26",19456,20163
"西湖","2019-06-27",18821,19761
"西湖","2019-06-28",19440,19642
"西湖","2019-06-29",7442,7680
"西湖","2019-06-30",4803,5079
"港墘","2019-06-01",8474,8405
"港墘","2019-06-02",6998,7144
"港墘","2019-06-03",17358,17323
"港墘","2019-06-04",17917,17714
"港墘","2019-06-05",17624,17670
"港墘","2019-06-06",18435,17300
"港墘","2019-06-07",5507,5124
"港墘","2019-06-08",5669,5805
"港墘","2019-06-09",5543,6023
"港墘","2019-06-10",17609,17452
"港墘","2019-06-11",18395,17998
"港墘","2019-06-12",18485,18116
"港墘","2019-06-13",18334,18129
"港墘","2019-06-14",18647,18396
"港墘","2019-06-15",8828,8557
"港墘","2019-06-16",6238,6531
"港墘","2019-06-17",17525,17177
"港墘","2019-06-18",17657,17611
"港墘","2019-06-19",17870,17757
"港墘","2019-06-20",17833,17576
"港墘","2019-06-21",18126,17942
"港墘","2019-06-22",7872,7822
"港墘","2019-06-23",5806,6198
"港墘","2019-06-24",17690,17616
"港墘","2019-06-25",18042,17587
"港墘","2019-06-26",18148,17969
"港墘","2019-06-27",18113,18062
"港墘","2019-06-28",19003,18455
"港墘","2019-06-29",7400,7380
"港墘","2019-06-30",5830,6246
"文德","2019-06-01",4256,4131
"文德","2019-06-02",3572,3710
"文德","2019-06-03",5886,5806
"文德","2019-06-04",6221,6006
"文德","2019-06-05",5843,5662
"文德","2019-06-06",6343,5612
"文德","2019-06-07",3224,3021
"文德","2019-06-08",3561,3647
"文德","2019-06-09",3433,3961
"文德","2019-06-10",5546,5425
"文德","2019-06-11",5516,5511
"文德","2019-06-12",5906,5821
"文德","2019-06-13",5843,5827
"文德","2019-06-14",6471,5874
"文德","2019-06-15",4311,4258
"文德","2019-06-16",3720,4062
"文德","2019-06-17",5524,5446
"文德","2019-06-18",5813,5722
"文德","2019-06-19",5822,5562
"文德","2019-06-20",5728,5722
"文德","2019-06-21",6361,5997
"文德","2019-06-22",3950,4003
"文德","2019-06-23",3433,3774
"文德","2019-06-24",5751,5641
"文德","2019-06-25",5594,5574
"文德","2019-06-26",5726,5665
"文德","2019-06-27",5836,5589
"文德","2019-06-28",6466,5987
"文德","2019-06-29",3985,4059
"文德","2019-06-30",3703,3792
"內湖","2019-06-01",9198,8735
"內湖","2019-06-02",7249,7235
"內湖","2019-06-03",9212,9062
"內湖","2019-06-04",9555,9614
"內湖","2019-06-05",9872,9646
"內湖","2019-06-06",10182,9834
"內湖","2019-06-07",6888,6298
"內湖","2019-06-08",7751,7727
"內湖","2019-06-09",6988,7499
"內湖","2019-06-10",9034,9197
"內湖","2019-06-11",9554,9580
"內湖","2019-06-12",9997,10069
"內湖","2019-06-13",9793,9765
"內湖","2019-06-14",10417,10083
"內湖","2019-06-15",9372,8820
"內湖","2019-06-16",7450,7492
"內湖","2019-06-17",9070,8930
"內湖","2019-06-18",9643,9522
"內湖","2019-06-19",9643,9618
"內湖","2019-06-20",9821,9552
"內湖","2019-06-21",10155,10011
"內湖","2019-06-22",8580,8071
"內湖","2019-06-23",6838,7004
"內湖","2019-06-24",9166,9045
"內湖","2019-06-25",9387,9438
"內湖","2019-06-26",9884,9870
"內湖","2019-06-27",9782,9670
"內湖","2019-06-28",10632,10371
"內湖","2019-06-29",8452,8166
"內湖","2019-06-30",7160,7266
"大湖公園","2019-06-01",3215,3136
"大湖公園","2019-06-02",3160,3158
"大湖公園","2019-06-03",3335,3204
"大湖公園","2019-06-04",3290,3064
"大湖公園","2019-06-05",3383,3293
"大湖公園","2019-06-06",3511,3230
"大湖公園","2019-06-07",2548,2526
"大湖公園","2019-06-08",3233,3364
"大湖公園","2019-06-09",3260,3340
"大湖公園","2019-06-10",3181,3050
"大湖公園","2019-06-11",3149,2874
"大湖公園","2019-06-12",3225,3109
"大湖公園","2019-06-13",3323,2995
"大湖公園","2019-06-14",3519,3214
"大湖公園","2019-06-15",3925,3949
"大湖公園","2019-06-16",3986,4191
"大湖公園","2019-06-17",3347,3283
"大湖公園","2019-06-18",3357,3166
"大湖公園","2019-06-19",3495,3356
"大湖公園","2019-06-20",3385,3244
"大湖公園","2019-06-21",3562,3363
"大湖公園","2019-06-22",3617,3688
"大湖公園","2019-06-23",2268,2340
"大湖公園","2019-06-24",3034,2940
"大湖公園","2019-06-25",3305,3190
"大湖公園","2019-06-26",3442,3295
"大湖公園","2019-06-27",3383,3185
"大湖公園","2019-06-28",3712,3559
"大湖公園","2019-06-29",3840,3890
"大湖公園","2019-06-30",3382,3521
"葫洲","2019-06-01",6802,6335
"葫洲","2019-06-02",5230,5262
"葫洲","2019-06-03",8746,8957
"葫洲","2019-06-04",8949,9022
"葫洲","2019-06-05",9118,9128
"葫洲","2019-06-06",9764,9212
"葫洲","2019-06-07",4837,4355
"葫洲","2019-06-08",5552,5111
"葫洲","2019-06-09",4962,5249
"葫洲","2019-06-10",8680,9080
"葫洲","2019-06-11",8932,9197
"葫洲","2019-06-12",9136,9493
"葫洲","2019-06-13",9426,9410
"葫洲","2019-06-14",9730,9320
"葫洲","2019-06-15",7316,6935
"葫洲","2019-06-16",5246,5274
"葫洲","2019-06-17",8801,8921
"葫洲","2019-06-18",9133,9211
"葫洲","2019-06-19",9124,9181
"葫洲","2019-06-20",9072,9142
"葫洲","2019-06-21",9633,9369
"葫洲","2019-06-22",6620,6154
"葫洲","2019-06-23",4860,4968
"葫洲","2019-06-24",8430,8322
"葫洲","2019-06-25",8425,8570
"葫洲","2019-06-26",8875,8751
"葫洲","2019-06-27",8726,8732
"葫洲","2019-06-28",9300,9102
"葫洲","2019-06-29",6522,6018
"葫洲","2019-06-30",5223,5228
"東湖","2019-06-01",7554,7719
"東湖","2019-06-02",5733,6039
"東湖","2019-06-03",8538,8674
"東湖","2019-06-04",8957,8910
"東湖","2019-06-05",8600,8687
"東湖","2019-06-06",8746,8887
"東湖","2019-06-07",5271,5147
"東湖","2019-06-08",6393,6584
"東湖","2019-06-09",5075,5719
"東湖","2019-06-10",8271,8530
"東湖","2019-06-11",8562,8737
"東湖","2019-06-12",8736,8995
"東湖","2019-06-13",8488,8748
"東湖","2019-06-14",9181,9198
"東湖","2019-06-15",6799,6982
"東湖","2019-06-16",5714,5990
"東湖","2019-06-17",8173,8376
"東湖","2019-06-18",8543,8697
"東湖","2019-06-19",8385,8626
"東湖","2019-06-20",8567,8789
"東湖","2019-06-21",8925,8909
"東湖","2019-06-22",6758,6880
"東湖","2019-06-23",5370,5754
"東湖","2019-06-24",8317,8453
"東湖","2019-06-25",8380,8815
"東湖","2019-06-26",8614,8829
"東湖","2019-06-27",8521,8604
"東湖","2019-06-28",9417,9431
"東湖","2019-06-29",6482,6649
"東湖","2019-06-30",5423,5823
"南港軟體園區","2019-06-01",2851,2787
"南港軟體園區","2019-06-02",2333,2328
"南港軟體園區","2019-06-03",5736,5475
"南港軟體園區","2019-06-04",5742,5619
"南港軟體園區","2019-06-05",5615,5551
"南港軟體園區","2019-06-06",5682,5549
"南港軟體園區","2019-06-07",2435,2455
"南港軟體園區","2019-06-08",2440,2380
"南港軟體園區","2019-06-09",2456,2431
"南港軟體園區","2019-06-10",6063,5489
"南港軟體園區","2019-06-11",6607,6092
"南港軟體園區","2019-06-12",6667,5713
"南港軟體園區","2019-06-13",6536,6041
"南港軟體園區","2019-06-14",5994,6114
"南港軟體園區","2019-06-15",2661,2713
"南港軟體園區","2019-06-16",2546,2601
"南港軟體園區","2019-06-17",5633,5375
"南港軟體園區","2019-06-18",5847,5685
"南港軟體園區","2019-06-19",6114,5792
"南港軟體園區","2019-06-20",5976,5777
"南港軟體園區","2019-06-21",6296,6030
"南港軟體園區","2019-06-22",2801,2814
"南港軟體園區","2019-06-23",2707,2612
"南港軟體園區","2019-06-24",6004,5940
"南港軟體園區","2019-06-25",6826,5881
"南港軟體園區","2019-06-26",6439,5788
"南港軟體園區","2019-06-27",5950,5717
"南港軟體園區","2019-06-28",6331,6184
"南港軟體園區","2019-06-29",2853,2886
"南港軟體園區","2019-06-30",2712,2697
"南港展覽館","2019-06-01",32518,31765
"南港展覽館","2019-06-02",16412,14881
"南港展覽館","2019-06-03",30350,28747
"南港展覽館","2019-06-04",30830,29158
"南港展覽館","2019-06-05",31427,29553
"南港展覽館","2019-06-06",34055,32194
"南港展覽館","2019-06-07",17479,16218
"南港展覽館","2019-06-08",20255,18590
"南港展覽館","2019-06-09",18016,16616
"南港展覽館","2019-06-10",29623,28018
"南港展覽館","2019-06-11",29468,28030
"南港展覽館","2019-06-12",30088,28743
"南港展覽館","2019-06-13",30391,28983
"南港展覽館","2019-06-14",32107,29600
"南港展覽館","2019-06-15",20562,18663
"南港展覽館","2019-06-16",17328,16009
"南港展覽館","2019-06-17",30527,28568
"南港展覽館","2019-06-18",32274,30132
"南港展覽館","2019-06-19",40936,38916
"南港展覽館","2019-06-20",41884,40216
"南港展覽館","2019-06-21",43618,41243
"南港展覽館","2019-06-22",29818,28834
"南港展覽館","2019-06-23",16424,15222
"南港展覽館","2019-06-24",29773,27573
"南港展覽館","2019-06-25",29975,28180
"南港展覽館","2019-06-26",30387,28814
"南港展覽館","2019-06-27",30532,28590
"南港展覽館","2019-06-28",32538,29831
"南港展覽館","2019-06-29",20171,18231
"南港展覽館","2019-06-30",16415,14913
"小碧潭","2019-06-01",5553,5999
"小碧潭","2019-06-02",5410,5567
"小碧潭","2019-06-03",3521,3733
"小碧潭","2019-06-04",3513,3757
"小碧潭","2019-06-05",3472,3528
"小碧潭","2019-06-06",3741,3918
"小碧潭","2019-06-07",4816,5042
"小碧潭","2019-06-08",5613,5848
"小碧潭","2019-06-09",5056,5334
"小碧潭","2019-06-10",3430,3629
"小碧潭","2019-06-11",3306,3451
"小碧潭","2019-06-12",3412,3597
"小碧潭","2019-06-13",3467,3783
"小碧潭","2019-06-14",3947,4003
"小碧潭","2019-06-15",4723,4823
"小碧潭","2019-06-16",4584,4730
"小碧潭","2019-06-17",3299,3490
"小碧潭","2019-06-18",3418,3575
"小碧潭","2019-06-19",3507,3681
"小碧潭","2019-06-20",3551,3665
"小碧潭","2019-06-21",3933,3989
"小碧潭","2019-06-22",4106,4320
"小碧潭","2019-06-23",4512,4710
"小碧潭","2019-06-24",3615,3813
"小碧潭","2019-06-25",3588,3831
"小碧潭","2019-06-26",3517,3774
"小碧潭","2019-06-27",3813,3987
"小碧潭","2019-06-28",4410,4360
"小碧潭","2019-06-29",4450,4586
"小碧潭","2019-06-30",4224,4397
"新店","2019-06-01",12896,11877
"新店","2019-06-02",11498,10707
"新店","2019-06-03",13211,11236
"新店","2019-06-04",12901,10863
"新店","2019-06-05",13219,11357
"新店","2019-06-06",13678,11617
"新店","2019-06-07",11552,10834
"新店","2019-06-08",13221,12347
"新店","2019-06-09",12810,12136
"新店","2019-06-10",12796,11222
"新店","2019-06-11",12372,10461
"新店","2019-06-12",12591,10981
"新店","2019-06-13",12835,10917
"新店","2019-06-14",13611,11316
"新店","2019-06-15",13344,12195
"新店","2019-06-16",12938,12244
"新店","2019-06-17",12564,10823
"新店","2019-06-18",12994,11086
"新店","2019-06-19",13167,11209
"新店","2019-06-20",12916,10994
"新店","2019-06-21",13963,11476
"新店","2019-06-22",12409,11328
"新店","2019-06-23",9563,9068
"新店","2019-06-24",12224,10292
"新店","2019-06-25",12523,10874
"新店","2019-06-26",13160,11288
"新店","2019-06-27",13060,11197
"新店","2019-06-28",14246,12034
"新店","2019-06-29",12444,11495
"新店","2019-06-30",11203,10465
"新店區公所","2019-06-01",10913,11383
"新店區公所","2019-06-02",8444,9173
"新店區公所","2019-06-03",11329,12556
"新店區公所","2019-06-04",11844,12808
"新店區公所","2019-06-05",11990,12948
"新店區公所","2019-06-06",12621,13129
"新店區公所","2019-06-07",7953,8263
"新店區公所","2019-06-08",9090,9591
"新店區公所","2019-06-09",8221,9104
"新店區公所","2019-06-10",11387,12682
"新店區公所","2019-06-11",11445,12684
"新店區公所","2019-06-12",11793,13070
"新店區公所","2019-06-13",11863,13020
"新店區公所","2019-06-14",12560,13136
"新店區公所","2019-06-15",10344,10744
"新店區公所","2019-06-16",8359,9245
"新店區公所","2019-06-17",11185,12254
"新店區公所","2019-06-18",11460,12578
"新店區公所","2019-06-19",11928,12900
"新店區公所","2019-06-20",11756,12819
"新店區公所","2019-06-21",12545,13186
"新店區公所","2019-06-22",9832,10389
"新店區公所","2019-06-23",7998,9127
"新店區公所","2019-06-24",11146,12112
"新店區公所","2019-06-25",11312,12734
"新店區公所","2019-06-26",11727,12608
"新店區公所","2019-06-27",11535,12633
"新店區公所","2019-06-28",12808,13587
"新店區公所","2019-06-29",9954,10374
"新店區公所","2019-06-30",8244,9186
"七張","2019-06-01",16886,15865
"七張","2019-06-02",13428,13117
"七張","2019-06-03",17519,17771
"七張","2019-06-04",17937,18094
"七張","2019-06-05",18352,18174
"七張","2019-06-06",19638,18545
"七張","2019-06-07",12285,11194
"七張","2019-06-08",13661,13115
"七張","2019-06-09",12909,13234
"七張","2019-06-10",17596,17853
"七張","2019-06-11",17490,17610
"七張","2019-06-12",17936,17933
"七張","2019-06-13",17721,17775
"七張","2019-06-14",19103,18521
"七張","2019-06-15",15707,14870
"七張","2019-06-16",13296,12689
"七張","2019-06-17",17187,17357
"七張","2019-06-18",17492,17440
"七張","2019-06-19",17728,17715
"七張","2019-06-20",17874,17735
"七張","2019-06-21",18586,18186
"七張","2019-06-22",15374,14411
"七張","2019-06-23",12542,12240
"七張","2019-06-24",17276,17440
"七張","2019-06-25",17384,17521
"七張","2019-06-26",17701,17535
"七張","2019-06-27",17853,17819
"七張","2019-06-28",19460,18757
"七張","2019-06-29",15118,14283
"七張","2019-06-30",13103,12727
"大坪林","2019-06-01",18417,17655
"大坪林","2019-06-02",14287,14267
"大坪林","2019-06-03",21608,21139
"大坪林","2019-06-04",22459,22137
"大坪林","2019-06-05",23035,22484
"大坪林","2019-06-06",23986,22958
"大坪林","2019-06-07",12520,11581
"大坪林","2019-06-08",14117,13760
"大坪林","2019-06-09",12890,13202
"大坪林","2019-06-10",22469,22313
"大坪林","2019-06-11",22558,22211
"大坪林","2019-06-12",22947,22601
"大坪林","2019-06-13",23218,22642
"大坪林","2019-06-14",24838,23728
"大坪林","2019-06-15",19029,18424
"大坪林","2019-06-16",14769,14491
"大坪林","2019-06-17",22195,22046
"大坪林","2019-06-18",22409,22070
"大坪林","2019-06-19",22748,22314
"大坪林","2019-06-20",22915,22373
"大坪林","2019-06-21",23786,22871
"大坪林","2019-06-22",17646,16786
"大坪林","2019-06-23",14697,14448
"大坪林","2019-06-24",21878,21380
"大坪林","2019-06-25",22792,22238
"大坪林","2019-06-26",22752,22252
"大坪林","2019-06-27",22925,21996
"大坪林","2019-06-28",24959,23855
"大坪林","2019-06-29",18118,17449
"大坪林","2019-06-30",14114,13883
"景美","2019-06-01",18934,18815
"景美","2019-06-02",15792,16308
"景美","2019-06-03",17367,17891
"景美","2019-06-04",17638,18059
"景美","2019-06-05",18641,18714
"景美","2019-06-06",19912,18972
"景美","2019-06-07",12761,11903
"景美","2019-06-08",13121,13652
"景美","2019-06-09",13135,14350
"景美","2019-06-10",16849,17770
"景美","2019-06-11",17048,17689
"景美","2019-06-12",17803,18026
"景美","2019-06-13",17874,18051
"景美","2019-06-14",19286,19081
"景美","2019-06-15",17366,16977
"景美","2019-06-16",15371,15863
"景美","2019-06-17",17613,17557
"景美","2019-06-18",17625,17860
"景美","2019-06-19",17695,17955
"景美","2019-06-20",17869,17967
"景美","2019-06-21",19247,19048
"景美","2019-06-22",15770,15595
"景美","2019-06-23",13178,13540
"景美","2019-06-24",16010,16033
"景美","2019-06-25",16403,16495
"景美","2019-06-26",16458,16542
"景美","2019-06-27",16660,16756
"景美","2019-06-28",18068,18035
"景美","2019-06-29",15675,15603
"景美","2019-06-30",13210,13857
"萬隆","2019-06-01",10766,10044
"萬隆","2019-06-02",8230,8276
"萬隆","2019-06-03",10179,9795
"萬隆","2019-06-04",10466,10084
"萬隆","2019-06-05",10540,9974
"萬隆","2019-06-06",11244,10190
"萬隆","2019-06-07",7981,6947
"萬隆","2019-06-08",8215,7874
"萬隆","2019-06-09",7397,7900
"萬隆","2019-06-10",9903,9897
"萬隆","2019-06-11",10537,10048
"萬隆","2019-06-12",10505,10227
"萬隆","2019-06-13",10692,10181
"萬隆","2019-06-14",11486,10630
"萬隆","2019-06-15",9856,9072
"萬隆","2019-06-16",8231,8016
"萬隆","2019-06-17",10146,9750
"萬隆","2019-06-18",10330,9860
"萬隆","2019-06-19",10401,9824
"萬隆","2019-06-20",10534,10104
"萬隆","2019-06-21",11236,10533
"萬隆","2019-06-22",9273,8791
"萬隆","2019-06-23",8215,8247
"萬隆","2019-06-24",10241,9725
"萬隆","2019-06-25",10337,10214
"萬隆","2019-06-26",10488,10187
"萬隆","2019-06-27",10583,9950
"萬隆","2019-06-28",11416,10721
"萬隆","2019-06-29",9752,9062
"萬隆","2019-06-30",8270,8278
"公館","2019-06-01",40429,39584
"公館","2019-06-02",30498,30937
"公館","2019-06-03",27931,28047
"公館","2019-06-04",29595,28488
"公館","2019-06-05",30017,28561
"公館","2019-06-06",34271,30500
"公館","2019-06-07",24373,21934
"公館","2019-06-08",26223,26410
"公館","2019-06-09",24408,26822
"公館","2019-06-10",27341,28361
"公館","2019-06-11",28188,27132
"公館","2019-06-12",29688,28231
"公館","2019-06-13",30181,28773
"公館","2019-06-14",33329,31597
"公館","2019-06-15",32819,31910
"公館","2019-06-16",26425,27273
"公館","2019-06-17",26786,26632
"公館","2019-06-18",28055,27206
"公館","2019-06-19",28922,28019
"公館","2019-06-20",29949,28737
"公館","2019-06-21",34696,32460
"公館","2019-06-22",33497,32362
"公館","2019-06-23",26723,26038
"公館","2019-06-24",27844,27309
"公館","2019-06-25",28914,27850
"公館","2019-06-26",28545,27620
"公館","2019-06-27",29141,27884
"公館","2019-06-28",33964,32791
"公館","2019-06-29",30984,30305
"公館","2019-06-30",26546,26957
"台電大樓","2019-06-01",20437,19645
"台電大樓","2019-06-02",16409,16349
"台電大樓","2019-06-03",17833,17826
"台電大樓","2019-06-04",18469,18224
"台電大樓","2019-06-05",19719,19393
"台電大樓","2019-06-06",20309,19065
"台電大樓","2019-06-07",13893,12899
"台電大樓","2019-06-08",14853,15059
"台電大樓","2019-06-09",13787,14665
"台電大樓","2019-06-10",17474,17991
"台電大樓","2019-06-11",18041,18220
"台電大樓","2019-06-12",19207,19278
"台電大樓","2019-06-13",19109,19049
"台電大樓","2019-06-14",20957,20637
"台電大樓","2019-06-15",19982,19478
"台電大樓","2019-06-16",15835,15855
"台電大樓","2019-06-17",17541,17562
"台電大樓","2019-06-18",18521,18239
"台電大樓","2019-06-19",19357,19362
"台電大樓","2019-06-20",19516,19513
"台電大樓","2019-06-21",21199,20932
"台電大樓","2019-06-22",18869,18525
"台電大樓","2019-06-23",15355,15301
"台電大樓","2019-06-24",18139,18478
"台電大樓","2019-06-25",18309,18385
"台電大樓","2019-06-26",19157,19265
"台電大樓","2019-06-27",18600,18740
"台電大樓","2019-06-28",20798,20523
"台電大樓","2019-06-29",18987,18706
"台電大樓","2019-06-30",15467,15645
"古亭","2019-06-01",32809,30818
"古亭","2019-06-02",23526,23738
"古亭","2019-06-03",33997,34101
"古亭","2019-06-04",35475,35224
"古亭","2019-06-05",36523,35933
"古亭","2019-06-06",36870,35745
"古亭","2019-06-07",19373,17977
"古亭","2019-06-08",22351,22300
"古亭","2019-06-09",19184,20732
"古亭","2019-06-10",34145,34941
"古亭","2019-06-11",35749,35772
"古亭","2019-06-12",36550,36314
"古亭","2019-06-13",36530,36366
"古亭","2019-06-14",38536,37879
"古亭","2019-06-15",31798,31865
"古亭","2019-06-16",23129,23081
"古亭","2019-06-17",33831,33982
"古亭","2019-06-18",34980,34867
"古亭","2019-06-19",35820,35324
"古亭","2019-06-20",35858,35351
"古亭","2019-06-21",38103,37300
"古亭","2019-06-22",28351,28141
"古亭","2019-06-23",22247,21791
"古亭","2019-06-24",34382,34307
"古亭","2019-06-25",34493,34637
"古亭","2019-06-26",35329,34969
"古亭","2019-06-27",34498,34193
"古亭","2019-06-28",36985,36663
"古亭","2019-06-29",27785,27377
"古亭","2019-06-30",21889,22237
"中正紀念堂","2019-06-01",46254,47070
"中正紀念堂","2019-06-02",23364,23926
"中正紀念堂","2019-06-03",29230,28843
"中正紀念堂","2019-06-04",33199,32618
"中正紀念堂","2019-06-05",33021,32262
"中正紀念堂","2019-06-06",34475,32493
"中正紀念堂","2019-06-07",18518,18439
"中正紀念堂","2019-06-08",22501,22433
"中正紀念堂","2019-06-09",25972,26760
"中正紀念堂","2019-06-10",27020,26327
"中正紀念堂","2019-06-11",29256,28340
"中正紀念堂","2019-06-12",31101,30128
"中正紀念堂","2019-06-13",30900,30003
"中正紀念堂","2019-06-14",32781,32136
"中正紀念堂","2019-06-15",27627,27170
"中正紀念堂","2019-06-16",23912,24481
"中正紀念堂","2019-06-17",27529,27165
"中正紀念堂","2019-06-18",29422,28963
"中正紀念堂","2019-06-19",29091,28546
"中正紀念堂","2019-06-20",30309,29981
"中正紀念堂","2019-06-21",31352,30733
"中正紀念堂","2019-06-22",25317,24583
"中正紀念堂","2019-06-23",32251,25764
"中正紀念堂","2019-06-24",26745,26177
"中正紀念堂","2019-06-25",29441,28556
"中正紀念堂","2019-06-26",29021,28347
"中正紀念堂","2019-06-27",30279,29468
"中正紀念堂","2019-06-28",32794,31950
"中正紀念堂","2019-06-29",26661,26451
"中正紀念堂","2019-06-30",21662,22426
"小南門","2019-06-01",6284,6586
"小南門","2019-06-02",4713,5092
"小南門","2019-06-03",12164,12367
"小南門","2019-06-04",12262,12422
"小南門","2019-06-05",12279,12235
"小南門","2019-06-06",11944,11977
"小南門","2019-06-07",3806,3907
"小南門","2019-06-08",4821,5163
"小南門","2019-06-09",4703,5044
"小南門","2019-06-10",11604,11722
"小南門","2019-06-11",11956,11905
"小南門","2019-06-12",12195,11986
"小南門","2019-06-13",12035,12113
"小南門","2019-06-14",12182,12393
"小南門","2019-06-15",5977,6468
"小南門","2019-06-16",5297,5683
"小南門","2019-06-17",11799,11942
"小南門","2019-06-18",11717,11670
"小南門","2019-06-19",11615,11738
"小南門","2019-06-20",11402,11431
"小南門","2019-06-21",11893,12133
"小南門","2019-06-22",6204,6521
"小南門","2019-06-23",4870,5458
"小南門","2019-06-24",10582,10508
"小南門","2019-06-25",10486,10066
"小南門","2019-06-26",10374,10297
"小南門","2019-06-27",10242,10230
"小南門","2019-06-28",10575,10443
"小南門","2019-06-29",5035,5227
"小南門","2019-06-30",4404,4701
"頂溪","2019-06-01",35816,35654
"頂溪","2019-06-02",28713,29449
"頂溪","2019-06-03",36711,38233
"頂溪","2019-06-04",37790,38965
"頂溪","2019-06-05",38494,39761
"頂溪","2019-06-06",39765,39829
"頂溪","2019-06-07",27098,25876
"頂溪","2019-06-08",29327,30039
"頂溪","2019-06-09",26502,29044
"頂溪","2019-06-10",36121,38802
"頂溪","2019-06-11",37124,39151
"頂溪","2019-06-12",37468,39703
"頂溪","2019-06-13",38677,39916
"頂溪","2019-06-14",40679,41515
"頂溪","2019-06-15",34470,34698
"頂溪","2019-06-16",28434,29705
"頂溪","2019-06-17",36443,38271
"頂溪","2019-06-18",36862,38527
"頂溪","2019-06-19",37387,38790
"頂溪","2019-06-20",37519,38658
"頂溪","2019-06-21",39552,40312
"頂溪","2019-06-22",33040,32884
"頂溪","2019-06-23",26899,28492
"頂溪","2019-06-24",37000,38570
"頂溪","2019-06-25",36603,38911
"頂溪","2019-06-26",37306,38867
"頂溪","2019-06-27",37515,38673
"頂溪","2019-06-28",41182,41743
"頂溪","2019-06-29",33263,32798
"頂溪","2019-06-30",28145,29509
"永安市場","2019-06-01",24809,25194
"永安市場","2019-06-02",20383,21180
"永安市場","2019-06-03",27624,27867
"永安市場","2019-06-04",27995,28757
"永安市場","2019-06-05",28502,28884
"永安市場","2019-06-06",28983,28841
"永安市場","2019-06-07",18546,17737
"永安市場","2019-06-08",20673,21109
"永安市場","2019-06-09",18313,20130
"永安市場","2019-06-10",26724,28006
"永安市場","2019-06-11",27703,28780
"永安市場","2019-06-12",28018,29046
"永安市場","2019-06-13",28678,28934
"永安市場","2019-06-14",29994,30176
"永安市場","2019-06-15",24702,24780
"永安市場","2019-06-16",20674,21184
"永安市場","2019-06-17",26797,27542
"永安市場","2019-06-18",27524,28153
"永安市場","2019-06-19",27785,28539
"永安市場","2019-06-20",28240,28695
"永安市場","2019-06-21",29193,29618
"永安市場","2019-06-22",23575,23557
"永安市場","2019-06-23",18711,19756
"永安市場","2019-06-24",26701,27322
"永安市場","2019-06-25",27489,28520
"永安市場","2019-06-26",27696,28431
"永安市場","2019-06-27",27993,28302
"永安市場","2019-06-28",30003,30060
"永安市場","2019-06-29",23471,23235
"永安市場","2019-06-30",19261,20196
"景安","2019-06-01",23521,22204
"景安","2019-06-02",18453,17981
"景安","2019-06-03",26299,26034
"景安","2019-06-04",26926,26489
"景安","2019-06-05",27387,26844
"景安","2019-06-06",28442,27022
"景安","2019-06-07",17382,15905
"景安","2019-06-08",19121,18435
"景安","2019-06-09",16877,17204
"景安","2019-06-10",26381,26549
"景安","2019-06-11",27278,27191
"景安","2019-06-12",26903,27121
"景安","2019-06-13",27652,27273
"景安","2019-06-14",29257,27822
"景安","2019-06-15",23285,21978
"景安","2019-06-16",19071,18050
"景安","2019-06-17",26448,25964
"景安","2019-06-18",26738,26320
"景安","2019-06-19",27121,26579
"景安","2019-06-20",26969,26243
"景安","2019-06-21",28431,27160
"景安","2019-06-22",21678,20737
"景安","2019-06-23",17799,17495
"景安","2019-06-24",26505,25825
"景安","2019-06-25",26632,26877
"景安","2019-06-26",27142,26743
"景安","2019-06-27",27167,26245
"景安","2019-06-28",28873,27877
"景安","2019-06-29",21993,20995
"景安","2019-06-30",17973,17677
"南勢角","2019-06-01",20188,20104
"南勢角","2019-06-02",16922,17073
"南勢角","2019-06-03",22385,21872
"南勢角","2019-06-04",22899,22391
"南勢角","2019-06-05",23444,22716
"南勢角","2019-06-06",24521,23223
"南勢角","2019-06-07",15872,15030
"南勢角","2019-06-08",17482,17610
"南勢角","2019-06-09",15516,16306
"南勢角","2019-06-10",22165,21965
"南勢角","2019-06-11",22431,22176
"南勢角","2019-06-12",23067,22719
"南勢角","2019-06-13",23375,22974
"南勢角","2019-06-14",24177,23206
"南勢角","2019-06-15",20472,20205
"南勢角","2019-06-16",16570,16789
"南勢角","2019-06-17",22546,22123
"南勢角","2019-06-18",22939,22403
"南勢角","2019-06-19",23081,22535
"南勢角","2019-06-20",23050,22489
"南勢角","2019-06-21",23940,22977
"南勢角","2019-06-22",19496,19189
"南勢角","2019-06-23",15759,15953
"南勢角","2019-06-24",21846,21437
"南勢角","2019-06-25",22055,21955
"南勢角","2019-06-26",22946,22106
"南勢角","2019-06-27",22663,21853
"南勢角","2019-06-28",24223,23275
"南勢角","2019-06-29",19466,18935
"南勢角","2019-06-30",16594,16870
"台大醫院","2019-06-01",40080,47274
"台大醫院","2019-06-02",11742,11360
"台大醫院","2019-06-03",26311,27434
"台大醫院","2019-06-04",27769,28467
"台大醫院","2019-06-05",27783,28637
"台大醫院","2019-06-06",26790,27982
"台大醫院","2019-06-07",8926,8760
"台大醫院","2019-06-08",11329,11477
"台大醫院","2019-06-09",10906,10515
"台大醫院","2019-06-10",27203,28064
"台大醫院","2019-06-11",26849,27564
"台大醫院","2019-06-12",27197,28190
"台大醫院","2019-06-13",27149,27985
"台大醫院","2019-06-14",27690,29453
"台大醫院","2019-06-15",13400,13691
"台大醫院","2019-06-16",12192,12638
"台大醫院","2019-06-17",26334,27172
"台大醫院","2019-06-18",26897,27861
"台大醫院","2019-06-19",27014,27701
"台大醫院","2019-06-20",26304,27348
"台大醫院","2019-06-21",27155,28430
"台大醫院","2019-06-22",12861,13418
"台大醫院","2019-06-23",33189,50853
"台大醫院","2019-06-24",25929,26853
"台大醫院","2019-06-25",27361,28117
"台大醫院","2019-06-26",27060,28029
"台大醫院","2019-06-27",25717,26992
"台大醫院","2019-06-28",26827,28261
"台大醫院","2019-06-29",13430,14140
"台大醫院","2019-06-30",10901,11198
"台北車站","2019-06-01",190696,190407
"台北車站","2019-06-02",163825,157670
"台北車站","2019-06-03",142718,137669
"台北車站","2019-06-04",138898,137539
"台北車站","2019-06-05",147240,150471
"台北車站","2019-06-06",162665,195857
"台北車站","2019-06-07",137265,158502
"台北車站","2019-06-08",167750,159487
"台北車站","2019-06-09",208501,174018
"台北車站","2019-06-10",159191,142641
"台北車站","2019-06-11",141377,137338
"台北車站","2019-06-12",145664,143251
"台北車站","2019-06-13",145119,143471
"台北車站","2019-06-14",168234,173354
"台北車站","2019-06-15",177755,178425
"台北車站","2019-06-16",176027,172355
"台北車站","2019-06-17",145201,142269
"台北車站","2019-06-18",140920,138790
"台北車站","2019-06-19",145192,143675
"台北車站","2019-06-20",151039,150661
"台北車站","2019-06-21",174833,182308
"台北車站","2019-06-22",173762,175406
"台北車站","2019-06-23",179612,169592
"台北車站","2019-06-24",149817,146266
"台北車站","2019-06-25",148843,147850
"台北車站","2019-06-26",149597,148206
"台北車站","2019-06-27",150814,149688
"台北車站","2019-06-28",176049,183468
"台北車站","2019-06-29",174922,176416
"台北車站","2019-06-30",168324,157914
"中山","2019-06-01",48458,50039
"中山","2019-06-02",39802,40919
"中山","2019-06-03",38700,39057
"中山","2019-06-04",39489,40173
"中山","2019-06-05",41318,42215
"中山","2019-06-06",44166,45654
"中山","2019-06-07",36845,38818
"中山","2019-06-08",43242,44508
"中山","2019-06-09",37302,37722
"中山","2019-06-10",38192,38541
"中山","2019-06-11",38723,39394
"中山","2019-06-12",41331,41835
"中山","2019-06-13",41813,42674
"中山","2019-06-14",47157,49104
"中山","2019-06-15",48522,51250
"中山","2019-06-16",39935,41257
"中山","2019-06-17",38842,39230
"中山","2019-06-18",39974,40625
"中山","2019-06-19",41645,42448
"中山","2019-06-20",42197,43014
"中山","2019-06-21",47617,49366
"中山","2019-06-22",46083,48078
"中山","2019-06-23",39396,40124
"中山","2019-06-24",40221,40758
"中山","2019-06-25",40938,41432
"中山","2019-06-26",42575,43149
"中山","2019-06-27",42763,43876
"中山","2019-06-28",48794,50704
"中山","2019-06-29",46366,48350
"中山","2019-06-30",39761,40431
"雙連","2019-06-01",21133,22415
"雙連","2019-06-02",15173,15699
"雙連","2019-06-03",22907,24611
"雙連","2019-06-04",23428,25033
"雙連","2019-06-05",24045,25801
"雙連","2019-06-06",24198,26245
"雙連","2019-06-07",14491,14714
"雙連","2019-06-08",18261,19610
"雙連","2019-06-09",14099,14847
"雙連","2019-06-10",23299,24635
"雙連","2019-06-11",23238,24517
"雙連","2019-06-12",24137,25159
"雙連","2019-06-13",23949,25547
"雙連","2019-06-14",25354,27725
"雙連","2019-06-15",21789,23300
"雙連","2019-06-16",16042,16684
"雙連","2019-06-17",23370,24699
"雙連","2019-06-18",23576,25376
"雙連","2019-06-19",24085,25801
"雙連","2019-06-20",24077,25704
"雙連","2019-06-21",25363,27374
"雙連","2019-06-22",20817,21986
"雙連","2019-06-23",14800,15154
"雙連","2019-06-24",24017,25762
"雙連","2019-06-25",23364,24833
"雙連","2019-06-26",24472,26135
"雙連","2019-06-27",23384,25126
"雙連","2019-06-28",25872,27892
"雙連","2019-06-29",21240,22631
"雙連","2019-06-30",15815,16540
"民權西路","2019-06-01",21404,20782
"民權西路","2019-06-02",18061,16900
"民權西路","2019-06-03",25548,24408
"民權西路","2019-06-04",25706,24982
"民權西路","2019-06-05",26153,25284
"民權西路","2019-06-06",27020,25942
"民權西路","2019-06-07",14424,13569
"民權西路","2019-06-08",17272,16668
"民權西路","2019-06-09",17566,16617
"民權西路","2019-06-10",25504,24508
"民權西路","2019-06-11",25158,24495
"民權西路","2019-06-12",25719,25047
"民權西路","2019-06-13",25281,25192
"民權西路","2019-06-14",27170,26536
"民權西路","2019-06-15",21323,20477
"民權西路","2019-06-16",19590,18698
"民權西路","2019-06-17",25373,24387
"民權西路","2019-06-18",25641,24737
"民權西路","2019-06-19",25793,24971
"民權西路","2019-06-20",25577,25087
"民權西路","2019-06-21",26574,25561
"民權西路","2019-06-22",19783,19039
"民權西路","2019-06-23",17630,17200
"民權西路","2019-06-24",24671,24124
"民權西路","2019-06-25",24850,24168
"民權西路","2019-06-26",25130,24545
"民權西路","2019-06-27",25330,24514
"民權西路","2019-06-28",26690,25978
"民權西路","2019-06-29",19329,18683
"民權西路","2019-06-30",18072,17299
"圓山","2019-06-01",30591,30133
"圓山","2019-06-02",26943,25879
"圓山","2019-06-03",26843,26972
"圓山","2019-06-04",27894,28418
"圓山","2019-06-05",28298,29121
"圓山","2019-06-06",29705,30268
"圓山","2019-06-07",23081,22854
"圓山","2019-06-08",26701,26061
"圓山","2019-06-09",25868,24227
"圓山","2019-06-10",26201,26512
"圓山","2019-06-11",25312,26567
"圓山","2019-06-12",26529,27649
"圓山","2019-06-13",26258,27035
"圓山","2019-06-14",30332,31484
"圓山","2019-06-15",32452,32464
"圓山","2019-06-16",29626,28973
"圓山","2019-06-17",28459,28573
"圓山","2019-06-18",27348,28346
"圓山","2019-06-19",27331,28455
"圓山","2019-06-20",27377,28092
"圓山","2019-06-21",28835,29300
"圓山","2019-06-22",28834,28918
"圓山","2019-06-23",20644,19784
"圓山","2019-06-24",25504,25683
"圓山","2019-06-25",26554,27409
"圓山","2019-06-26",26985,28100
"圓山","2019-06-27",27176,27732
"圓山","2019-06-28",28774,29744
"圓山","2019-06-29",28067,28184
"圓山","2019-06-30",25367,24559
"劍潭","2019-06-01",38420,37507
"劍潭","2019-06-02",29738,29645
"劍潭","2019-06-03",32535,32039
"劍潭","2019-06-04",33684,32781
"劍潭","2019-06-05",34931,33640
"劍潭","2019-06-06",38781,36305
"劍潭","2019-06-07",31567,29674
"劍潭","2019-06-08",35775,35243
"劍潭","2019-06-09",28362,29071
"劍潭","2019-06-10",30883,30745
"劍潭","2019-06-11",30702,29367
"劍潭","2019-06-12",32483,31164
"劍潭","2019-06-13",31357,29715
"劍潭","2019-06-14",38663,36197
"劍潭","2019-06-15",37955,37274
"劍潭","2019-06-16",34502,34242
"劍潭","2019-06-17",32226,31720
"劍潭","2019-06-18",33072,31917
"劍潭","2019-06-19",33705,32582
"劍潭","2019-06-20",34026,32629
"劍潭","2019-06-21",36434,34939
"劍潭","2019-06-22",35612,34555
"劍潭","2019-06-23",22978,21367
"劍潭","2019-06-24",29532,28209
"劍潭","2019-06-25",28720,27062
"劍潭","2019-06-26",30206,28647
"劍潭","2019-06-27",30777,29434
"劍潭","2019-06-28",34562,32878
"劍潭","2019-06-29",34779,34022
"劍潭","2019-06-30",29450,28723
"士林","2019-06-01",30826,30260
"士林","2019-06-02",24435,24972
"士林","2019-06-03",28809,29235
"士林","2019-06-04",29204,29109
"士林","2019-06-05",30310,29743
"士林","2019-06-06",33411,31303
"士林","2019-06-07",21907,21722
"士林","2019-06-08",26849,26880
"士林","2019-06-09",22315,23928
"士林","2019-06-10",27615,28128
"士林","2019-06-11",27504,27546
"士林","2019-06-12",28797,28621
"士林","2019-06-13",28712,29096
"士林","2019-06-14",31790,31177
"士林","2019-06-15",30615,30617
"士林","2019-06-16",23982,24386
"士林","2019-06-17",28213,28576
"士林","2019-06-18",28826,28929
"士林","2019-06-19",29419,29378
"士林","2019-06-20",29663,29876
"士林","2019-06-21",32522,31896
"士林","2019-06-22",27544,28105
"士林","2019-06-23",20560,21116
"士林","2019-06-24",26440,27231
"士林","2019-06-25",27282,27755
"士林","2019-06-26",27365,27926
"士林","2019-06-27",27235,28093
"士林","2019-06-28",30532,30270
"士林","2019-06-29",26947,27522
"士林","2019-06-30",23094,24028
"芝山","2019-06-01",22214,22483
"芝山","2019-06-02",20560,21785
"芝山","2019-06-03",23750,23641
"芝山","2019-06-04",23980,24186
"芝山","2019-06-05",25077,24893
"芝山","2019-06-06",25472,25210
"芝山","2019-06-07",16676,16474
"芝山","2019-06-08",18604,19153
"芝山","2019-06-09",18933,20562
"芝山","2019-06-10",22920,23069
"芝山","2019-06-11",22987,23207
"芝山","2019-06-12",24219,24190
"芝山","2019-06-13",23986,23974
"芝山","2019-06-14",25903,26004
"芝山","2019-06-15",22919,23066
"芝山","2019-06-16",19828,20804
"芝山","2019-06-17",23384,23490
"芝山","2019-06-18",23823,23982
"芝山","2019-06-19",24469,24603
"芝山","2019-06-20",24265,24323
"芝山","2019-06-21",25360,25529
"芝山","2019-06-22",20675,20952
"芝山","2019-06-23",17272,18600
"芝山","2019-06-24",22607,22872
"芝山","2019-06-25",23285,23021
"芝山","2019-06-26",24113,24120
"芝山","2019-06-27",23933,24038
"芝山","2019-06-28",25799,25798
"芝山","2019-06-29",20377,20632
"芝山","2019-06-30",19090,20635
"明德","2019-06-01",10325,9924
"明德","2019-06-02",8084,8083
"明德","2019-06-03",13678,13284
"明德","2019-06-04",13883,13403
"明德","2019-06-05",13977,13566
"明德","2019-06-06",14074,13116
"明德","2019-06-07",7069,6494
"明德","2019-06-08",8140,7935
"明德","2019-06-09",7229,7512
"明德","2019-06-10",13700,13497
"明德","2019-06-11",13428,13106
"明德","2019-06-12",13814,13486
"明德","2019-06-13",13555,13009
"明德","2019-06-14",14275,13453
"明德","2019-06-15",10654,10262
"明德","2019-06-16",7871,7824
"明德","2019-06-17",13598,13092
"明德","2019-06-18",13433,13181
"明德","2019-06-19",13600,13037
"明德","2019-06-20",13534,12978
"明德","2019-06-21",13908,13287
"明德","2019-06-22",10009,9351
"明德","2019-06-23",7228,7244
"明德","2019-06-24",13218,12867
"明德","2019-06-25",13567,13113
"明德","2019-06-26",13799,13358
"明德","2019-06-27",13459,13015
"明德","2019-06-28",13865,12929
"明德","2019-06-29",9740,9318
"明德","2019-06-30",7592,7677
"石牌","2019-06-01",28135,28798
"石牌","2019-06-02",21174,23161
"石牌","2019-06-03",31925,33440
"石牌","2019-06-04",32698,33858
"石牌","2019-06-05",33741,35032
"石牌","2019-06-06",34559,34585
"石牌","2019-06-07",19539,19562
"石牌","2019-06-08",22736,24390
"石牌","2019-06-09",19557,22442
"石牌","2019-06-10",32118,34064
"石牌","2019-06-11",31452,32531
"石牌","2019-06-12",32731,33889
"石牌","2019-06-13",32189,33246
"石牌","2019-06-14",35210,35929
"石牌","2019-06-15",31414,32216
"石牌","2019-06-16",21583,23137
"石牌","2019-06-17",31603,33311
"石牌","2019-06-18",32274,33562
"石牌","2019-06-19",32792,34189
"石牌","2019-06-20",32263,33798
"石牌","2019-06-21",33526,34540
"石牌","2019-06-22",25776,26197
"石牌","2019-06-23",18326,19520
"石牌","2019-06-24",30503,31933
"石牌","2019-06-25",31014,32053
"石牌","2019-06-26",31981,33312
"石牌","2019-06-27",30971,32107
"石牌","2019-06-28",32610,33412
"石牌","2019-06-29",23616,23943
"石牌","2019-06-30",20592,22140
"唭哩岸","2019-06-01",6935,6231
"唭哩岸","2019-06-02",5674,5479
"唭哩岸","2019-06-03",7683,7190
"唭哩岸","2019-06-04",7810,7255
"唭哩岸","2019-06-05",7924,7276
"唭哩岸","2019-06-06",8301,7296
"唭哩岸","2019-06-07",5445,4706
"唭哩岸","2019-06-08",6066,5554
"唭哩岸","2019-06-09",5091,5268
"唭哩岸","2019-06-10",7583,7171
"唭哩岸","2019-06-11",7654,7149
"唭哩岸","2019-06-12",7785,7332
"唭哩岸","2019-06-13",7902,7346
"唭哩岸","2019-06-14",8204,7480
"唭哩岸","2019-06-15",7182,6527
"唭哩岸","2019-06-16",5558,5402
"唭哩岸","2019-06-17",7603,7061
"唭哩岸","2019-06-18",7742,7223
"唭哩岸","2019-06-19",7798,7156
"唭哩岸","2019-06-20",7666,7185
"唭哩岸","2019-06-21",8241,7494
"唭哩岸","2019-06-22",6555,6011
"唭哩岸","2019-06-23",5112,4983
"唭哩岸","2019-06-24",7637,6976
"唭哩岸","2019-06-25",7441,6956
"唭哩岸","2019-06-26",7783,7264
"唭哩岸","2019-06-27",7665,7053
"唭哩岸","2019-06-28",8155,7530
"唭哩岸","2019-06-29",6738,6176
"唭哩岸","2019-06-30",5746,5708
"奇岩","2019-06-01",7336,6213
"奇岩","2019-06-02",5808,4987
"奇岩","2019-06-03",9821,8442
"奇岩","2019-06-04",9933,8534
"奇岩","2019-06-05",10251,8738
"奇岩","2019-06-06",10333,8883
"奇岩","2019-06-07",5522,4563
"奇岩","2019-06-08",6491,5531
"奇岩","2019-06-09",5430,4712
"奇岩","2019-06-10",9498,8161
"奇岩","2019-06-11",9592,8290
"奇岩","2019-06-12",9964,8460
"奇岩","2019-06-13",10137,8639
"奇岩","2019-06-14",10567,9091
"奇岩","2019-06-15",7652,6528
"奇岩","2019-06-16",5886,5101
"奇岩","2019-06-17",9992,8599
"奇岩","2019-06-18",9999,8553
"奇岩","2019-06-19",9967,8567
"奇岩","2019-06-20",10041,8614
"奇岩","2019-06-21",10340,8824
"奇岩","2019-06-22",6960,5901
"奇岩","2019-06-23",5359,4385
"奇岩","2019-06-24",9703,8269
"奇岩","2019-06-25",9861,8547
"奇岩","2019-06-26",10113,8640
"奇岩","2019-06-27",10070,8624
"奇岩","2019-06-28",10405,8972
"奇岩","2019-06-29",7010,5780
"奇岩","2019-06-30",5876,4820
"北投","2019-06-01",17306,17852
"北投","2019-06-02",14804,15639
"北投","2019-06-03",18453,20029
"北投","2019-06-04",18255,19769
"北投","2019-06-05",19107,20338
"北投","2019-06-06",20439,20817
"北投","2019-06-07",13433,13687
"北投","2019-06-08",16110,16422
"北投","2019-06-09",13964,15415
"北投","2019-06-10",16993,18584
"北投","2019-06-11",16452,18126
"北投","2019-06-12",18046,19575
"北投","2019-06-13",17045,18746
"北投","2019-06-14",19771,20481
"北投","2019-06-15",17563,17949
"北投","2019-06-16",15077,15804
"北投","2019-06-17",17827,19113
"北投","2019-06-18",18254,19788
"北投","2019-06-19",18412,20086
"北投","2019-06-20",17479,17667
"北投","2019-06-21",19344,20137
"北投","2019-06-22",15939,16152
"北投","2019-06-23",11427,12857
"北投","2019-06-24",16606,18532
"北投","2019-06-25",17045,18646
"北投","2019-06-26",17829,19380
"北投","2019-06-27",17562,19273
"北投","2019-06-28",19926,20725
"北投","2019-06-29",15785,16489
"北投","2019-06-30",13656,14599
"新北投","2019-06-01",6112,5894
"新北投","2019-06-02",5640,5517
"新北投","2019-06-03",5070,4446
"新北投","2019-06-04",5638,4961
"新北投","2019-06-05",5475,5149
"新北投","2019-06-06",6111,5528
"新北投","2019-06-07",4957,4832
"新北投","2019-06-08",6758,6703
"新北投","2019-06-09",5519,4935
"新北投","2019-06-10",4967,4565
"新北投","2019-06-11",5077,4720
"新北投","2019-06-12",5296,5211
"新北投","2019-06-13",5480,4983
"新北投","2019-06-14",5950,5494
"新北投","2019-06-15",7274,7012
"新北投","2019-06-16",5931,5712
"新北投","2019-06-17",4922,4639
"新北投","2019-06-18",5478,5163
"新北投","2019-06-19",5561,5172
"新北投","2019-06-20",6681,7274
"新北投","2019-06-21",6566,5385
"新北投","2019-06-22",5865,5891
"新北投","2019-06-23",4964,4970
"新北投","2019-06-24",4901,4523
"新北投","2019-06-25",5232,4929
"新北投","2019-06-26",5208,5009
"新北投","2019-06-27",5235,4887
"新北投","2019-06-28",5443,5179
"新北投","2019-06-29",6040,6157
"新北投","2019-06-30",5169,5129
"復興崗","2019-06-01",3274,3313
"復興崗","2019-06-02",2892,2989
"復興崗","2019-06-03",3781,3781
"復興崗","2019-06-04",3914,3912
"復興崗","2019-06-05",4181,4155
"復興崗","2019-06-06",4043,3920
"復興崗","2019-06-07",2583,2539
"復興崗","2019-06-08",3063,3116
"復興崗","2019-06-09",2583,2706
"復興崗","2019-06-10",3836,3834
"復興崗","2019-06-11",3750,3815
"復興崗","2019-06-12",3974,3921
"復興崗","2019-06-13",3926,3922
"復興崗","2019-06-14",4209,4099
"復興崗","2019-06-15",3387,3438
"復興崗","2019-06-16",2922,2921
"復興崗","2019-06-17",3886,3789
"復興崗","2019-06-18",3877,3856
"復興崗","2019-06-19",3986,3966
"復興崗","2019-06-20",3902,3806
"復興崗","2019-06-21",4002,3965
"復興崗","2019-06-22",3307,3364
"復興崗","2019-06-23",2516,2535
"復興崗","2019-06-24",3829,3916
"復興崗","2019-06-25",3778,3817
"復興崗","2019-06-26",4011,3926
"復興崗","2019-06-27",3980,3952
"復興崗","2019-06-28",4123,3992
"復興崗","2019-06-29",3322,3158
"復興崗","2019-06-30",2617,2708
"忠義","2019-06-01",2022,1942
"忠義","2019-06-02",1703,1673
"忠義","2019-06-03",3406,3601
"忠義","2019-06-04",3606,3704
"忠義","2019-06-05",3640,3876
"忠義","2019-06-06",3639,3598
"忠義","2019-06-07",1725,1584
"忠義","2019-06-08",2002,1954
"忠義","2019-06-09",1496,1501
"忠義","2019-06-10",2573,2854
"忠義","2019-06-11",3532,3631
"忠義","2019-06-12",3704,3843
"忠義","2019-06-13",3676,3731
"忠義","2019-06-14",3721,3703
"忠義","2019-06-15",2207,2145
"忠義","2019-06-16",1647,1575
"忠義","2019-06-17",3534,3793
"忠義","2019-06-18",3501,3663
"忠義","2019-06-19",3444,3569
"忠義","2019-06-20",3589,3686
"忠義","2019-06-21",3768,3746
"忠義","2019-06-22",2073,2033
"忠義","2019-06-23",1514,1511
"忠義","2019-06-24",3349,3475
"忠義","2019-06-25",3311,3655
"忠義","2019-06-26",3569,3631
"忠義","2019-06-27",3469,3560
"忠義","2019-06-28",3487,3528
"忠義","2019-06-29",1952,1866
"忠義","2019-06-30",1548,1473
"關渡","2019-06-01",9552,9792
"關渡","2019-06-02",7846,8837
"關渡","2019-06-03",12857,13562
"關渡","2019-06-04",13389,13866
"關渡","2019-06-05",13794,14032
"關渡","2019-06-06",14601,13694
"關渡","2019-06-07",7626,7427
"關渡","2019-06-08",8533,8978
"關渡","2019-06-09",7172,8465
"關渡","2019-06-10",11758,12389
"關渡","2019-06-11",12985,13286
"關渡","2019-06-12",13410,13651
"關渡","2019-06-13",13186,13461
"關渡","2019-06-14",14026,13527
"關渡","2019-06-15",10507,10638
"關渡","2019-06-16",7427,8524
"關渡","2019-06-17",13114,13443
"關渡","2019-06-18",13241,13479
"關渡","2019-06-19",13269,13592
"關渡","2019-06-20",13335,13468
"關渡","2019-06-21",14102,14158
"關渡","2019-06-22",8992,9410
"關渡","2019-06-23",6602,7228
"關渡","2019-06-24",11223,11559
"關渡","2019-06-25",11225,11378
"關渡","2019-06-26",11686,11856
"關渡","2019-06-27",11438,11854
"關渡","2019-06-28",12441,12528
"關渡","2019-06-29",8360,8535
"關渡","2019-06-30",6661,7199
"竹圍","2019-06-01",9140,9247
"竹圍","2019-06-02",7364,7594
"竹圍","2019-06-03",9387,9989
"竹圍","2019-06-04",9426,10008
"竹圍","2019-06-05",9778,10295
"竹圍","2019-06-06",10219,10233
"竹圍","2019-06-07",8182,7880
"竹圍","2019-06-08",9970,9786
"竹圍","2019-06-09",7044,7456
"竹圍","2019-06-10",9127,10016
"竹圍","2019-06-11",9127,9702
"竹圍","2019-06-12",9398,9959
"竹圍","2019-06-13",9227,9819
"竹圍","2019-06-14",9863,10189
"竹圍","2019-06-15",9682,9433
"竹圍","2019-06-16",7724,7976
"竹圍","2019-06-17",9381,10039
"竹圍","2019-06-18",9498,10116
"竹圍","2019-06-19",9786,10213
"竹圍","2019-06-20",9505,9970
"竹圍","2019-06-21",10061,10236
"竹圍","2019-06-22",9225,9082
"竹圍","2019-06-23",6416,6697
"竹圍","2019-06-24",8925,9678
"竹圍","2019-06-25",8949,9555
"竹圍","2019-06-26",9366,10009
"竹圍","2019-06-27",9326,9850
"竹圍","2019-06-28",9960,10410
"竹圍","2019-06-29",8893,8809
"竹圍","2019-06-30",6991,7309
"紅樹林","2019-06-01",10675,11730
"紅樹林","2019-06-02",7916,9144
"紅樹林","2019-06-03",9174,9999
"紅樹林","2019-06-04",9163,9967
"紅樹林","2019-06-05",9650,10389
"紅樹林","2019-06-06",10820,10370
"紅樹林","2019-06-07",10720,11956
"紅樹林","2019-06-08",14501,15260
"紅樹林","2019-06-09",7907,10035
"紅樹林","2019-06-10",9136,10029
"紅樹林","2019-06-11",8826,9701
"紅樹林","2019-06-12",8775,9657
"紅樹林","2019-06-13",9205,9692
"紅樹林","2019-06-14",10174,10469
"紅樹林","2019-06-15",9694,10719
"紅樹林","2019-06-16",8118,9262
"紅樹林","2019-06-17",9099,10169
"紅樹林","2019-06-18",9214,10048
"紅樹林","2019-06-19",9252,10042
"紅樹林","2019-06-20",9545,10187
"紅樹林","2019-06-21",10315,10539
"紅樹林","2019-06-22",8790,9836
"紅樹林","2019-06-23",7037,7827
"紅樹林","2019-06-24",9116,9865
"紅樹林","2019-06-25",9477,10269
"紅樹林","2019-06-26",9657,10641
"紅樹林","2019-06-27",9755,10340
"紅樹林","2019-06-28",10763,11238
"紅樹林","2019-06-29",9412,10633
"紅樹林","2019-06-30",8531,9954
"淡水","2019-06-01",40748,38271
"淡水","2019-06-02",37892,37947
"淡水","2019-06-03",35816,35126
"淡水","2019-06-04",35846,33561
"淡水","2019-06-05",37875,35177
"淡水","2019-06-06",43682,36460
"淡水","2019-06-07",44273,40580
"淡水","2019-06-08",53576,50847
"淡水","2019-06-09",41706,42965
"淡水","2019-06-10",33260,34091
"淡水","2019-06-11",32057,30609
"淡水","2019-06-12",35181,33521
"淡水","2019-06-13",34487,32451
"淡水","2019-06-14",38778,35523
"淡水","2019-06-15",51529,48489
"淡水","2019-06-16",42111,40678
"淡水","2019-06-17",36296,35196
"淡水","2019-06-18",36282,34034
"淡水","2019-06-19",37242,35011
"淡水","2019-06-20",37729,35205
"淡水","2019-06-21",42075,37605
"淡水","2019-06-22",41604,38572
"淡水","2019-06-23",27902,26394
"淡水","2019-06-24",32002,30588
"淡水","2019-06-25",33572,32350
"淡水","2019-06-26",35114,32982
"淡水","2019-06-27",34451,31883
"淡水","2019-06-28",39607,36371
"淡水","2019-06-29",40190,37944
"淡水","2019-06-30",37845,35330
"頂埔","2019-06-01",7199,6982
"頂埔","2019-06-02",6189,6077
"頂埔","2019-06-03",8950,8322
"頂埔","2019-06-04",8900,8350
"頂埔","2019-06-05",9279,8629
"頂埔","2019-06-06",9668,9137
"頂埔","2019-06-07",5976,5715
"頂埔","2019-06-08",6597,6455
"頂埔","2019-06-09",6530,6413
"頂埔","2019-06-10",8984,8406
"頂埔","2019-06-11",8922,8343
"頂埔","2019-06-12",8939,8405
"頂埔","2019-06-13",8847,8263
"頂埔","2019-06-14",9390,8884
"頂埔","2019-06-15",7287,7029
"頂埔","2019-06-16",6524,6352
"頂埔","2019-06-17",8878,8347
"頂埔","2019-06-18",8958,8327
"頂埔","2019-06-19",8950,8359
"頂埔","2019-06-20",9147,8613
"頂埔","2019-06-21",11213,10858
"頂埔","2019-06-22",6875,6821
"頂埔","2019-06-23",6031,5848
"頂埔","2019-06-24",8764,8129
"頂埔","2019-06-25",8696,8142
"頂埔","2019-06-26",8786,8320
"頂埔","2019-06-27",8977,8507
"頂埔","2019-06-28",9400,8899
"頂埔","2019-06-29",7094,6761
"頂埔","2019-06-30",6530,6402
"永寧","2019-06-01",13145,13798
"永寧","2019-06-02",10981,10571
"永寧","2019-06-03",13622,13803
"永寧","2019-06-04",13357,13710
"永寧","2019-06-05",13683,14239
"永寧","2019-06-06",14591,16274
"永寧","2019-06-07",8746,9485
"永寧","2019-06-08",11217,11440
"永寧","2019-06-09",11631,10937
"永寧","2019-06-10",13385,13638
"永寧","2019-06-11",12938,13382
"永寧","2019-06-12",13052,13653
"永寧","2019-06-13",12828,13588
"永寧","2019-06-14",14003,14882
"永寧","2019-06-15",12904,13361
"永寧","2019-06-16",11200,10815
"永寧","2019-06-17",13519,13679
"永寧","2019-06-18",13083,13660
"永寧","2019-06-19",13599,14062
"永寧","2019-06-20",13504,14036
"永寧","2019-06-21",14798,15342
"永寧","2019-06-22",11999,12695
"永寧","2019-06-23",10057,10006
"永寧","2019-06-24",13288,13131
"永寧","2019-06-25",13207,13507
"永寧","2019-06-26",13412,13784
"永寧","2019-06-27",13242,13647
"永寧","2019-06-28",14427,15134
"永寧","2019-06-29",11970,12462
"永寧","2019-06-30",10710,10596
"土城","2019-06-01",6908,6775
"土城","2019-06-02",5581,5409
"土城","2019-06-03",7504,7588
"土城","2019-06-04",7516,7431
"土城","2019-06-05",7917,7808
"土城","2019-06-06",8171,8085
"土城","2019-06-07",5630,5266
"土城","2019-06-08",6041,5939
"土城","2019-06-09",5393,5423
"土城","2019-06-10",7503,7397
"土城","2019-06-11",7220,7191
"土城","2019-06-12",7459,7416
"土城","2019-06-13",7572,7334
"土城","2019-06-14",8079,7906
"土城","2019-06-15",6976,6742
"土城","2019-06-16",5733,5555
"土城","2019-06-17",7588,7323
"土城","2019-06-18",7444,7383
"土城","2019-06-19",7614,7473
"土城","2019-06-20",7660,7483
"土城","2019-06-21",8135,7954
"土城","2019-06-22",6510,6294
"土城","2019-06-23",5212,5148
"土城","2019-06-24",7421,7144
"土城","2019-06-25",7425,7318
"土城","2019-06-26",7797,7511
"土城","2019-06-27",7492,7344
"土城","2019-06-28",8332,8058
"土城","2019-06-29",6634,6338
"土城","2019-06-30",5814,5693
"海山","2019-06-01",19284,19069
"海山","2019-06-02",15855,15868
"海山","2019-06-03",22222,22572
"海山","2019-06-04",22634,23067
"海山","2019-06-05",23037,23227
"海山","2019-06-06",23736,23956
"海山","2019-06-07",14686,14157
"海山","2019-06-08",16206,16336
"海山","2019-06-09",14999,15475
"海山","2019-06-10",21872,22387
"海山","2019-06-11",21653,22334
"海山","2019-06-12",21690,22369
"海山","2019-06-13",21842,22343
"海山","2019-06-14",23506,23544
"海山","2019-06-15",19272,18903
"海山","2019-06-16",15820,15918
"海山","2019-06-17",21778,22240
"海山","2019-06-18",22332,22600
"海山","2019-06-19",22214,22539
"海山","2019-06-20",22345,22811
"海山","2019-06-21",23220,23381
"海山","2019-06-22",18009,18080
"海山","2019-06-23",14290,14709
"海山","2019-06-24",21599,22056
"海山","2019-06-25",21493,22181
"海山","2019-06-26",21965,22494
"海山","2019-06-27",22006,22223
"海山","2019-06-28",24362,24102
"海山","2019-06-29",18459,18129
"海山","2019-06-30",15832,16192
"亞東醫院","2019-06-01",20008,18375
"亞東醫院","2019-06-02",15084,13837
"亞東醫院","2019-06-03",26794,24450
"亞東醫院","2019-06-04",27573,25190
"亞東醫院","2019-06-05",27789,25528
"亞東醫院","2019-06-06",28576,25666
"亞東醫院","2019-06-07",13616,12013
"亞東醫院","2019-06-08",15638,14316
"亞東醫院","2019-06-09",14042,13414
"亞東醫院","2019-06-10",27356,25237
"亞東醫院","2019-06-11",27580,25096
"亞東醫院","2019-06-12",27379,25193
"亞東醫院","2019-06-13",27556,25257
"亞東醫院","2019-06-14",28398,25565
"亞東醫院","2019-06-15",20751,19121
"亞東醫院","2019-06-16",15355,14475
"亞東醫院","2019-06-17",26763,24639
"亞東醫院","2019-06-18",27466,25163
"亞東醫院","2019-06-19",27375,25234
"亞東醫院","2019-06-20",27099,24813
"亞東醫院","2019-06-21",28195,25523
"亞東醫院","2019-06-22",19761,17875
"亞東醫院","2019-06-23",14551,13446
"亞東醫院","2019-06-24",25879,23531
"亞東醫院","2019-06-25",26326,24058
"亞東醫院","2019-06-26",26683,24210
"亞東醫院","2019-06-27",26260,23745
"亞東醫院","2019-06-28",27484,24846
"亞東醫院","2019-06-29",19225,17419
"亞東醫院","2019-06-30",14673,13774
"府中","2019-06-01",32878,30259
"府中","2019-06-02",26790,23827
"府中","2019-06-03",31087,27703
"府中","2019-06-04",32204,29035
"府中","2019-06-05",32811,29717
"府中","2019-06-06",35005,31389
"府中","2019-06-07",23704,21517
"府中","2019-06-08",28418,26327
"府中","2019-06-09",25426,22826
"府中","2019-06-10",30988,28060
"府中","2019-06-11",30909,27759
"府中","2019-06-12",31979,28644
"府中","2019-06-13",31883,28381
"府中","2019-06-14",34856,31578
"府中","2019-06-15",33229,30391
"府中","2019-06-16",27259,24615
"府中","2019-06-17",30944,27522
"府中","2019-06-18",31810,28476
"府中","2019-06-19",32084,28962
"府中","2019-06-20",32249,28733
"府中","2019-06-21",34788,31683
"府中","2019-06-22",30964,28374
"府中","2019-06-23",24529,21646
"府中","2019-06-24",30633,27294
"府中","2019-06-25",30984,28042
"府中","2019-06-26",31915,28673
"府中","2019-06-27",31828,28602
"府中","2019-06-28",35999,32731
"府中","2019-06-29",30810,28245
"府中","2019-06-30",26821,25119
"板橋","2019-06-01",43834,46049
"板橋","2019-06-02",38509,39612
"板橋","2019-06-03",37978,41796
"板橋","2019-06-04",38346,42588
"板橋","2019-06-05",39053,43294
"板橋","2019-06-06",44371,49661
"板橋","2019-06-07",32084,36595
"板橋","2019-06-08",38420,38727
"板橋","2019-06-09",41128,38097
"板橋","2019-06-10",39472,42725
"板橋","2019-06-11",38786,43414
"板橋","2019-06-12",39413,44237
"板橋","2019-06-13",39801,44407
"板橋","2019-06-14",43881,48045
"板橋","2019-06-15",43200,45284
"板橋","2019-06-16",38211,39122
"板橋","2019-06-17",39067,42779
"板橋","2019-06-18",38814,42649
"板橋","2019-06-19",39164,42918
"板橋","2019-06-20",39609,43802
"板橋","2019-06-21",44468,48643
"板橋","2019-06-22",41556,43985
"板橋","2019-06-23",37634,38244
"板橋","2019-06-24",39240,43074
"板橋","2019-06-25",40158,44647
"板橋","2019-06-26",40370,44659
"板橋","2019-06-27",40455,44391
"板橋","2019-06-28",47141,51478
"板橋","2019-06-29",42192,44299
"板橋","2019-06-30",41460,41291
"新埔","2019-06-01",39208,36780
"新埔","2019-06-02",30707,29556
"新埔","2019-06-03",42788,41892
"新埔","2019-06-04",44180,42985
"新埔","2019-06-05",44753,43015
"新埔","2019-06-06",47640,43704
"新埔","2019-06-07",27309,24656
"新埔","2019-06-08",30560,29413
"新埔","2019-06-09",27749,28171
"新埔","2019-06-10",43130,42434
"新埔","2019-06-11",44475,43163
"新埔","2019-06-12",44835,43329
"新埔","2019-06-13",44650,43066
"新埔","2019-06-14",47166,44562
"新埔","2019-06-15",38239,36324
"新埔","2019-06-16",31124,30176
"新埔","2019-06-17",42894,41919
"新埔","2019-06-18",43740,42391
"新埔","2019-06-19",44174,42709
"新埔","2019-06-20",44389,42803
"新埔","2019-06-21",47099,44562
"新埔","2019-06-22",35978,34112
"新埔","2019-06-23",30163,29121
"新埔","2019-06-24",42968,41929
"新埔","2019-06-25",43636,42723
"新埔","2019-06-26",44758,43280
"新埔","2019-06-27",44390,42446
"新埔","2019-06-28",48910,45961
"新埔","2019-06-29",36095,34401
"新埔","2019-06-30",29973,28875
"江子翠","2019-06-01",24346,24339
"江子翠","2019-06-02",18954,19573
"江子翠","2019-06-03",26010,27072
"江子翠","2019-06-04",26384,27447
"江子翠","2019-06-05",27153,27921
"江子翠","2019-06-06",28105,28634
"江子翠","2019-06-07",17310,16691
"江子翠","2019-06-08",19545,20091
"江子翠","2019-06-09",17223,18709
"江子翠","2019-06-10",25718,26932
"江子翠","2019-06-11",26198,27148
"江子翠","2019-06-12",26948,27876
"江子翠","2019-06-13",26815,27659
"江子翠","2019-06-14",27977,28586
"江子翠","2019-06-15",23560,23777
"江子翠","2019-06-16",19342,19799
"江子翠","2019-06-17",25975,26819
"江子翠","2019-06-18",26209,27127
"江子翠","2019-06-19",26761,27375
"江子翠","2019-06-20",26759,27695
"江子翠","2019-06-21",27980,28535
"江子翠","2019-06-22",22341,22326
"江子翠","2019-06-23",17321,18164
"江子翠","2019-06-24",25795,26976
"江子翠","2019-06-25",26007,26997
"江子翠","2019-06-26",27021,27663
"江子翠","2019-06-27",26711,27592
"江子翠","2019-06-28",29046,29461
"江子翠","2019-06-29",22189,22195
"江子翠","2019-06-30",18708,19593
"龍山寺","2019-06-01",31783,30141
"龍山寺","2019-06-02",28066,26681
"龍山寺","2019-06-03",31302,30129
"龍山寺","2019-06-04",29846,28577
"龍山寺","2019-06-05",30845,29606
"龍山寺","2019-06-06",31576,30410
"龍山寺","2019-06-07",25896,24343
"龍山寺","2019-06-08",29630,28402
"龍山寺","2019-06-09",26822,25805
"龍山寺","2019-06-10",28923,27993
"龍山寺","2019-06-11",28035,27111
"龍山寺","2019-06-12",29579,28752
"龍山寺","2019-06-13",29899,29108
"龍山寺","2019-06-14",32954,31287
"龍山寺","2019-06-15",33836,32173
"龍山寺","2019-06-16",29259,27906
"龍山寺","2019-06-17",31584,30515
"龍山寺","2019-06-18",30702,29777
"龍山寺","2019-06-19",30660,29160
"龍山寺","2019-06-20",30917,29355
"龍山寺","2019-06-21",32175,30477
"龍山寺","2019-06-22",31323,30144
"龍山寺","2019-06-23",24409,23555
"龍山寺","2019-06-24",30117,28934
"龍山寺","2019-06-25",29317,28461
"龍山寺","2019-06-26",30867,29372
"龍山寺","2019-06-27",30422,29074
"龍山寺","2019-06-28",33522,31626
"龍山寺","2019-06-29",32442,30358
"龍山寺","2019-06-30",27436,26193
"西門","2019-06-01",94289,99223
"西門","2019-06-02",77696,77454
"西門","2019-06-03",71315,70264
"西門","2019-06-04",69367,68838
"西門","2019-06-05",70838,71029
"西門","2019-06-06",79187,80381
"西門","2019-06-07",75665,78077
"西門","2019-06-08",87520,90346
"西門","2019-06-09",73535,73679
"西門","2019-06-10",66560,66207
"西門","2019-06-11",65072,64981
"西門","2019-06-12",70925,70792
"西門","2019-06-13",70699,71038
"西門","2019-06-14",81651,83327
"西門","2019-06-15",87220,90776
"西門","2019-06-16",75793,75775
"西門","2019-06-17",69760,68789
"西門","2019-06-18",70163,69330
"西門","2019-06-19",72081,72181
"西門","2019-06-20",73842,73911
"西門","2019-06-21",82478,84297
"西門","2019-06-22",84624,86520
"西門","2019-06-23",72221,72552
"西門","2019-06-24",72277,71623
"西門","2019-06-25",69049,68661
"西門","2019-06-26",71498,70932
"西門","2019-06-27",73362,73185
"西門","2019-06-28",93302,94918
"西門","2019-06-29",84869,87325
"西門","2019-06-30",73603,74310
"善導寺","2019-06-01",21691,19873
"善導寺","2019-06-02",16104,16465
"善導寺","2019-06-03",22279,23226
"善導寺","2019-06-04",24135,25049
"善導寺","2019-06-05",24168,25491
"善導寺","2019-06-06",24863,25476
"善導寺","2019-06-07",11167,11305
"善導寺","2019-06-08",12948,13585
"善導寺","2019-06-09",11377,11866
"善導寺","2019-06-10",22822,23509
"善導寺","2019-06-11",24912,25363
"善導寺","2019-06-12",26129,26602
"善導寺","2019-06-13",25231,25950
"善導寺","2019-06-14",24997,26668
"善導寺","2019-06-15",18141,19211
"善導寺","2019-06-16",15975,16405
"善導寺","2019-06-17",22185,22862
"善導寺","2019-06-18",24124,24670
"善導寺","2019-06-19",24625,25601
"善導寺","2019-06-20",24334,25157
"善導寺","2019-06-21",25439,26353
"善導寺","2019-06-22",16444,17364
"善導寺","2019-06-23",16665,14039
"善導寺","2019-06-24",21146,22024
"善導寺","2019-06-25",22999,22622
"善導寺","2019-06-26",22745,23496
"善導寺","2019-06-27",22108,22834
"善導寺","2019-06-28",23417,24154
"善導寺","2019-06-29",15197,15959
"善導寺","2019-06-30",14006,14601
"忠孝新生","2019-06-01",40816,41067
"忠孝新生","2019-06-02",31559,31604
"忠孝新生","2019-06-03",32486,31942
"忠孝新生","2019-06-04",33366,32678
"忠孝新生","2019-06-05",34535,33577
"忠孝新生","2019-06-06",37607,36085
"忠孝新生","2019-06-07",23930,23095
"忠孝新生","2019-06-08",28882,28635
"忠孝新生","2019-06-09",24660,24862
"忠孝新生","2019-06-10",32215,31569
"忠孝新生","2019-06-11",32653,32036
"忠孝新生","2019-06-12",34214,33082
"忠孝新生","2019-06-13",34693,33898
"忠孝新生","2019-06-14",36980,36608
"忠孝新生","2019-06-15",34099,33871
"忠孝新生","2019-06-16",29571,28822
"忠孝新生","2019-06-17",32477,31713
"忠孝新生","2019-06-18",32688,32310
"忠孝新生","2019-06-19",33767,33433
"忠孝新生","2019-06-20",34630,33721
"忠孝新生","2019-06-21",39314,38775
"忠孝新生","2019-06-22",33261,32923
"忠孝新生","2019-06-23",26235,25649
"忠孝新生","2019-06-24",31719,31165
"忠孝新生","2019-06-25",31276,30062
"忠孝新生","2019-06-26",32768,31967
"忠孝新生","2019-06-27",32930,32128
"忠孝新生","2019-06-28",36715,36049
"忠孝新生","2019-06-29",33476,32858
"忠孝新生","2019-06-30",28351,27882
"忠孝敦化","2019-06-01",34972,36955
"忠孝敦化","2019-06-02",26947,27657
"忠孝敦化","2019-06-03",34581,35370
"忠孝敦化","2019-06-04",35317,36139
"忠孝敦化","2019-06-05",36425,38117
"忠孝敦化","2019-06-06",38423,40003
"忠孝敦化","2019-06-07",26444,28408
"忠孝敦化","2019-06-08",30129,32469
"忠孝敦化","2019-06-09",24545,25357
"忠孝敦化","2019-06-10",34574,35292
"忠孝敦化","2019-06-11",34698,35694
"忠孝敦化","2019-06-12",36925,38171
"忠孝敦化","2019-06-13",37096,38274
"忠孝敦化","2019-06-14",40754,43737
"忠孝敦化","2019-06-15",34734,37271
"忠孝敦化","2019-06-16",26821,27863
"忠孝敦化","2019-06-17",34532,35653
"忠孝敦化","2019-06-18",35329,36812
"忠孝敦化","2019-06-19",37248,38896
"忠孝敦化","2019-06-20",38925,40172
"忠孝敦化","2019-06-21",42628,44599
"忠孝敦化","2019-06-22",35630,38206
"忠孝敦化","2019-06-23",27012,27680
"忠孝敦化","2019-06-24",35902,37163
"忠孝敦化","2019-06-25",36275,37587
"忠孝敦化","2019-06-26",38380,40184
"忠孝敦化","2019-06-27",37843,39372
"忠孝敦化","2019-06-28",43990,46347
"忠孝敦化","2019-06-29",34221,36972
"忠孝敦化","2019-06-30",27403,28851
"國父紀念館","2019-06-01",22461,24705
"國父紀念館","2019-06-02",16343,17916
"國父紀念館","2019-06-03",21464,22372
"國父紀念館","2019-06-04",21753,23199
"國父紀念館","2019-06-05",22570,24022
"國父紀念館","2019-06-06",23607,25028
"國父紀念館","2019-06-07",15190,16433
"國父紀念館","2019-06-08",18015,20126
"國父紀念館","2019-06-09",14783,16801
"國父紀念館","2019-06-10",21364,22579
"國父紀念館","2019-06-11",21767,22789
"國父紀念館","2019-06-12",22551,23700
"國父紀念館","2019-06-13",22750,23940
"國父紀念館","2019-06-14",24505,27096
"國父紀念館","2019-06-15",20624,22930
"國父紀念館","2019-06-16",17400,19118
"國父紀念館","2019-06-17",20896,22107
"國父紀念館","2019-06-18",21974,23210
"國父紀念館","2019-06-19",22234,23883
"國父紀念館","2019-06-20",23111,24413
"國父紀念館","2019-06-21",24592,26754
"國父紀念館","2019-06-22",21779,24230
"國父紀念館","2019-06-23",15654,16768
"國父紀念館","2019-06-24",21405,22998
"國父紀念館","2019-06-25",22896,23667
"國父紀念館","2019-06-26",23011,24548
"國父紀念館","2019-06-27",22774,24265
"國父紀念館","2019-06-28",25265,27858
"國父紀念館","2019-06-29",18814,20900
"國父紀念館","2019-06-30",15632,17013
"市政府","2019-06-01",58923,61184
"市政府","2019-06-02",48840,48632
"市政府","2019-06-03",59221,60708
"市政府","2019-06-04",59403,61230
"市政府","2019-06-05",61516,63286
"市政府","2019-06-06",66149,71821
"市政府","2019-06-07",47046,50106
"市政府","2019-06-08",53775,54108
"市政府","2019-06-09",48974,47904
"市政府","2019-06-10",60848,62094
"市政府","2019-06-11",60419,62191
"市政府","2019-06-12",64316,65130
"市政府","2019-06-13",64402,65844
"市政府","2019-06-14",69509,73398
"市政府","2019-06-15",59914,61663
"市政府","2019-06-16",51210,50468
"市政府","2019-06-17",59724,61814
"市政府","2019-06-18",60609,62219
"市政府","2019-06-19",62850,64565
"市政府","2019-06-20",63551,65625
"市政府","2019-06-21",70831,75102
"市政府","2019-06-22",59286,60442
"市政府","2019-06-23",50349,49763
"市政府","2019-06-24",61754,63829
"市政府","2019-06-25",63338,64436
"市政府","2019-06-26",65459,67024
"市政府","2019-06-27",65309,67735
"市政府","2019-06-28",74578,78103
"市政府","2019-06-29",60335,62574
"市政府","2019-06-30",51645,51059
"永春","2019-06-01",17198,16674
"永春","2019-06-02",14018,14354
"永春","2019-06-03",20324,20612
"永春","2019-06-04",21217,21595
"永春","2019-06-05",21462,21687
"永春","2019-06-06",22203,21691
"永春","2019-06-07",12578,11528
"永春","2019-06-08",13644,13278
"永春","2019-06-09",12668,13425
"永春","2019-06-10",20176,20649
"永春","2019-06-11",21080,21265
"永春","2019-06-12",21390,21811
"永春","2019-06-13",21272,21633
"永春","2019-06-14",22431,22317
"永春","2019-06-15",17138,16770
"永春","2019-06-16",14194,14316
"永春","2019-06-17",19977,19965
"永春","2019-06-18",20796,21159
"永春","2019-06-19",20972,21335
"永春","2019-06-20",20985,21032
"永春","2019-06-21",22202,22306
"永春","2019-06-22",16166,15997
"永春","2019-06-23",13769,13887
"永春","2019-06-24",20410,20378
"永春","2019-06-25",20761,20936
"永春","2019-06-26",21274,21546
"永春","2019-06-27",21032,21187
"永春","2019-06-28",22533,22419
"永春","2019-06-29",16494,16139
"永春","2019-06-30",13794,13895
"後山埤","2019-06-01",16324,16086
"後山埤","2019-06-02",12923,12976
"後山埤","2019-06-03",17143,17268
"後山埤","2019-06-04",17191,17029
"後山埤","2019-06-05",17428,17235
"後山埤","2019-06-06",18155,17404
"後山埤","2019-06-07",12122,11685
"後山埤","2019-06-08",13400,13764
"後山埤","2019-06-09",12128,13116
"後山埤","2019-06-10",16502,16842
"後山埤","2019-06-11",16624,16663
"後山埤","2019-06-12",17183,17442
"後山埤","2019-06-13",17310,17188
"後山埤","2019-06-14",18711,18280
"後山埤","2019-06-15",16611,16517
"後山埤","2019-06-16",13260,13309
"後山埤","2019-06-17",16693,16729
"後山埤","2019-06-18",17096,16864
"後山埤","2019-06-19",17306,17252
"後山埤","2019-06-20",17315,17118
"後山埤","2019-06-21",18245,17832
"後山埤","2019-06-22",15030,14962
"後山埤","2019-06-23",11985,12425
"後山埤","2019-06-24",16679,16589
"後山埤","2019-06-25",16565,16845
"後山埤","2019-06-26",17469,17387
"後山埤","2019-06-27",17221,16923
"後山埤","2019-06-28",19042,18704
"後山埤","2019-06-29",15356,15105
"後山埤","2019-06-30",12974,13359
"昆陽","2019-06-01",9807,10000
"昆陽","2019-06-02",7968,8641
"昆陽","2019-06-03",14847,15698
"昆陽","2019-06-04",14487,15240
"昆陽","2019-06-05",15124,15805
"昆陽","2019-06-06",15868,15795
"昆陽","2019-06-07",7321,7029
"昆陽","2019-06-08",8050,8196
"昆陽","2019-06-09",7396,8312
"昆陽","2019-06-10",14379,15264
"昆陽","2019-06-11",14597,15376
"昆陽","2019-06-12",15135,15608
"昆陽","2019-06-13",15103,15906
"昆陽","2019-06-14",15870,16137
"昆陽","2019-06-15",10163,10170
"昆陽","2019-06-16",7993,8512
"昆陽","2019-06-17",14712,15467
"昆陽","2019-06-18",14705,15380
"昆陽","2019-06-19",14864,15619
"昆陽","2019-06-20",15496,16118
"昆陽","2019-06-21",15843,15962
"昆陽","2019-06-22",9328,9376
"昆陽","2019-06-23",8105,8596
"昆陽","2019-06-24",14602,15509
"昆陽","2019-06-25",14510,15211
"昆陽","2019-06-26",14683,15498
"昆陽","2019-06-27",14963,15786
"昆陽","2019-06-28",16200,16438
"昆陽","2019-06-29",8995,9203
"昆陽","2019-06-30",8091,9147
"南港","2019-06-01",17124,18433
"南港","2019-06-02",14120,13822
"南港","2019-06-03",18350,18037
"南港","2019-06-04",17913,17850
"南港","2019-06-05",18216,18602
"南港","2019-06-06",20199,25931
"南港","2019-06-07",12864,16820
"南港","2019-06-08",15327,15262
"南港","2019-06-09",17266,14530
"南港","2019-06-10",18478,18091
"南港","2019-06-11",17770,17845
"南港","2019-06-12",18207,18667
"南港","2019-06-13",18671,18915
"南港","2019-06-14",20441,21333
"南港","2019-06-15",15641,16951
"南港","2019-06-16",14859,14620
"南港","2019-06-17",18164,18050
"南港","2019-06-18",19113,18717
"南港","2019-06-19",20636,20268
"南港","2019-06-20",21024,21108
"南港","2019-06-21",23198,24438
"南港","2019-06-22",17184,18280
"南港","2019-06-23",14973,14622
"南港","2019-06-24",18249,17874
"南港","2019-06-25",18504,19322
"南港","2019-06-26",18695,19182
"南港","2019-06-27",18839,19247
"南港","2019-06-28",22113,23566
"南港","2019-06-29",16804,17798
"南港","2019-06-30",15827,15514
"象山","2019-06-01",10533,9938
"象山","2019-06-02",9484,8723
"象山","2019-06-03",14405,12853
"象山","2019-06-04",14668,13193
"象山","2019-06-05",14974,13516
"象山","2019-06-06",15484,13763
"象山","2019-06-07",8598,8188
"象山","2019-06-08",10300,9702
"象山","2019-06-09",9333,8891
"象山","2019-06-10",13628,12042
"象山","2019-06-11",13313,11724
"象山","2019-06-12",13649,12292
"象山","2019-06-13",14140,12636
"象山","2019-06-14",14920,13254
"象山","2019-06-15",11703,11038
"象山","2019-06-16",10337,9727
"象山","2019-06-17",14494,12983
"象山","2019-06-18",14689,13123
"象山","2019-06-19",14549,12976
"象山","2019-06-20",14778,13320
"象山","2019-06-21",15528,13963
"象山","2019-06-22",10656,9915
"象山","2019-06-23",7263,6592
"象山","2019-06-24",13957,12496
"象山","2019-06-25",14280,12910
"象山","2019-06-26",14556,13265
"象山","2019-06-27",14653,13417
"象山","2019-06-28",15418,14121
"象山","2019-06-29",10535,9874
"象山","2019-06-30",9338,8810
"台北101/世貿","2019-06-01",29967,31431
"台北101/世貿","2019-06-02",24238,24474
"台北101/世貿","2019-06-03",28896,29200
"台北101/世貿","2019-06-04",30111,30491
"台北101/世貿","2019-06-05",30762,30971
"台北101/世貿","2019-06-06",32098,32977
"台北101/世貿","2019-06-07",25067,25824
"台北101/世貿","2019-06-08",30544,31853
"台北101/世貿","2019-06-09",25444,26844
"台北101/世貿","2019-06-10",29963,30070
"台北101/世貿","2019-06-11",29203,29160
"台北101/世貿","2019-06-12",31761,31608
"台北101/世貿","2019-06-13",34725,35626
"台北101/世貿","2019-06-14",35509,36878
"台北101/世貿","2019-06-15",34544,35308
"台北101/世貿","2019-06-16",28710,29458
"台北101/世貿","2019-06-17",29487,29552
"台北101/世貿","2019-06-18",30241,30425
"台北101/世貿","2019-06-19",33473,33693
"台北101/世貿","2019-06-20",34861,35607
"台北101/世貿","2019-06-21",38144,38476
"台北101/世貿","2019-06-22",35254,36356
"台北101/世貿","2019-06-23",24747,24910
"台北101/世貿","2019-06-24",30479,30810
"台北101/世貿","2019-06-25",31002,30880
"台北101/世貿","2019-06-26",31100,31367
"台北101/世貿","2019-06-27",33126,33853
"台北101/世貿","2019-06-28",37158,37993
"台北101/世貿","2019-06-29",32347,33446
"台北101/世貿","2019-06-30",27419,27909
"信義安和","2019-06-01",15047,15808
"信義安和","2019-06-02",11151,11615
"信義安和","2019-06-03",18623,19464
"信義安和","2019-06-04",18964,20149
"信義安和","2019-06-05",19283,20356
"信義安和","2019-06-06",19852,20716
"信義安和","2019-06-07",11067,11374
"信義安和","2019-06-08",11902,12947
"信義安和","2019-06-09",10107,11187
"信義安和","2019-06-10",18527,19566
"信義安和","2019-06-11",18933,19938
"信義安和","2019-06-12",19411,20209
"信義安和","2019-06-13",19384,20637
"信義安和","2019-06-14",21463,22898
"信義安和","2019-06-15",14805,15857
"信義安和","2019-06-16",11272,11631
"信義安和","2019-06-17",18317,19267
"信義安和","2019-06-18",18924,19954
"信義安和","2019-06-19",18907,19999
"信義安和","2019-06-20",19215,20232
"信義安和","2019-06-21",20209,21508
"信義安和","2019-06-22",14051,15215
"信義安和","2019-06-23",10598,11283
"信義安和","2019-06-24",18776,19557
"信義安和","2019-06-25",19354,20093
"信義安和","2019-06-26",19464,20401
"信義安和","2019-06-27",19490,20757
"信義安和","2019-06-28",20822,22306
"信義安和","2019-06-29",14092,14876
"信義安和","2019-06-30",11029,11887
"大安森林公園","2019-06-01",10318,10049
"大安森林公園","2019-06-02",9750,9747
"大安森林公園","2019-06-03",7899,7357
"大安森林公園","2019-06-04",8048,7811
"大安森林公園","2019-06-05",9543,8897
"大安森林公園","2019-06-06",8454,7892
"大安森林公園","2019-06-07",6652,6425
"大安森林公園","2019-06-08",11374,11590
"大安森林公園","2019-06-09",14980,15483
"大安森林公園","2019-06-10",7577,7257
"大安森林公園","2019-06-11",7616,7452
"大安森林公園","2019-06-12",8128,7905
"大安森林公園","2019-06-13",7999,7680
"大安森林公園","2019-06-14",8640,8324
"大安森林公園","2019-06-15",10857,10581
"大安森林公園","2019-06-16",10535,10533
"大安森林公園","2019-06-17",7957,7532
"大安森林公園","2019-06-18",8276,7974
"大安森林公園","2019-06-19",8530,8314
"大安森林公園","2019-06-20",8362,8173
"大安森林公園","2019-06-21",8613,8588
"大安森林公園","2019-06-22",9857,9703
"大安森林公園","2019-06-23",7552,7486
"大安森林公園","2019-06-24",7663,7271
"大安森林公園","2019-06-25",8143,7902
"大安森林公園","2019-06-26",8300,7939
"大安森林公園","2019-06-27",8399,7944
"大安森林公園","2019-06-28",9219,8859
"大安森林公園","2019-06-29",9518,9631
"大安森林公園","2019-06-30",9069,9064
"北門","2019-06-01",12613,12047
"北門","2019-06-02",10627,10403
"北門","2019-06-03",13149,12942
"北門","2019-06-04",12797,12957
"北門","2019-06-05",13576,13165
"北門","2019-06-06",14225,14023
"北門","2019-06-07",9907,9671
"北門","2019-06-08",11765,11117
"北門","2019-06-09",10762,10102
"北門","2019-06-10",13238,12635
"北門","2019-06-11",13434,12728
"北門","2019-06-12",13234,13075
"北門","2019-06-13",13254,13094
"北門","2019-06-14",14558,14454
"北門","2019-06-15",13345,12950
"北門","2019-06-16",11056,10675
"北門","2019-06-17",13152,13098
"北門","2019-06-18",12856,12974
"北門","2019-06-19",13310,13056
"北門","2019-06-20",13384,13144
"北門","2019-06-21",14477,14188
"北門","2019-06-22",12513,12301
"北門","2019-06-23",10565,9851
"北門","2019-06-24",13515,13669
"北門","2019-06-25",13651,13452
"北門","2019-06-26",13532,13625
"北門","2019-06-27",14028,13642
"北門","2019-06-28",14751,14794
"北門","2019-06-29",12897,12123
"北門","2019-06-30",10657,10103
"松江南京","2019-06-01",22076,23543
"松江南京","2019-06-02",16408,16936
"松江南京","2019-06-03",40990,42099
"松江南京","2019-06-04",41674,43371
"松江南京","2019-06-05",42087,43768
"松江南京","2019-06-06",41902,44012
"松江南京","2019-06-07",15882,16670
"松江南京","2019-06-08",17765,18494
"松江南京","2019-06-09",14827,15591
"松江南京","2019-06-10",40848,41717
"松江南京","2019-06-11",42603,43711
"松江南京","2019-06-12",43181,43967
"松江南京","2019-06-13",43799,45268
"松江南京","2019-06-14",44145,47305
"松江南京","2019-06-15",22451,23806
"松江南京","2019-06-16",16835,17498
"松江南京","2019-06-17",40460,41590
"松江南京","2019-06-18",40797,42157
"松江南京","2019-06-19",42477,44022
"松江南京","2019-06-20",42050,43727
"松江南京","2019-06-21",43012,45388
"松江南京","2019-06-22",22434,24060
"松江南京","2019-06-23",17711,18105
"松江南京","2019-06-24",42435,44071
"松江南京","2019-06-25",42940,43091
"松江南京","2019-06-26",43523,45264
"松江南京","2019-06-27",42432,44330
"松江南京","2019-06-28",44693,47015
"松江南京","2019-06-29",21780,23008
"松江南京","2019-06-30",16938,17629
"台北小巨蛋","2019-06-01",17063,17761
"台北小巨蛋","2019-06-02",16312,17405
"台北小巨蛋","2019-06-03",23990,24797
"台北小巨蛋","2019-06-04",25157,26084
"台北小巨蛋","2019-06-05",24112,25229
"台北小巨蛋","2019-06-06",24222,25685
"台北小巨蛋","2019-06-07",10269,10744
"台北小巨蛋","2019-06-08",15488,16840
"台北小巨蛋","2019-06-09",15095,16070
"台北小巨蛋","2019-06-10",23999,24425
"台北小巨蛋","2019-06-11",24632,25205
"台北小巨蛋","2019-06-12",25211,25809
"台北小巨蛋","2019-06-13",25428,26233
"台北小巨蛋","2019-06-14",26039,27380
"台北小巨蛋","2019-06-15",19347,20583
"台北小巨蛋","2019-06-16",13892,14721
"台北小巨蛋","2019-06-17",22968,23783
"台北小巨蛋","2019-06-18",23468,24273
"台北小巨蛋","2019-06-19",23973,24851
"台北小巨蛋","2019-06-20",24262,25438
"台北小巨蛋","2019-06-21",28563,30936
"台北小巨蛋","2019-06-22",16157,17148
"台北小巨蛋","2019-06-23",13348,13944
"台北小巨蛋","2019-06-24",23983,24963
"台北小巨蛋","2019-06-25",24284,24849
"台北小巨蛋","2019-06-26",24878,25890
"台北小巨蛋","2019-06-27",25383,26429
"台北小巨蛋","2019-06-28",27257,28487
"台北小巨蛋","2019-06-29",20119,21438
"台北小巨蛋","2019-06-30",12701,13496
"南京三民","2019-06-01",18057,19022
"南京三民","2019-06-02",14238,15065
"南京三民","2019-06-03",24759,25696
"南京三民","2019-06-04",25004,25859
"南京三民","2019-06-05",25884,27104
"南京三民","2019-06-06",26145,27278
"南京三民","2019-06-07",13145,13275
"南京三民","2019-06-08",14905,15718
"南京三民","2019-06-09",12858,14049
"南京三民","2019-06-10",24909,25908
"南京三民","2019-06-11",25908,26842
"南京三民","2019-06-12",26196,27089
"南京三民","2019-06-13",26053,27217
"南京三民","2019-06-14",26554,27919
"南京三民","2019-06-15",17560,18298
"南京三民","2019-06-16",13982,14776
"南京三民","2019-06-17",24498,25395
"南京三民","2019-06-18",25153,26337
"南京三民","2019-06-19",25190,26224
"南京三民","2019-06-20",25605,26693
"南京三民","2019-06-21",26216,27722
"南京三民","2019-06-22",16819,17725
"南京三民","2019-06-23",13821,14713
"南京三民","2019-06-24",25429,26473
"南京三民","2019-06-25",25789,26475
"南京三民","2019-06-26",25800,26956
"南京三民","2019-06-27",25152,26766
"南京三民","2019-06-28",27129,28468
"南京三民","2019-06-29",17489,18331
"南京三民","2019-06-30",13755,14801
"松山","2019-06-01",20730,20186
"松山","2019-06-02",18126,17369
"松山","2019-06-03",26259,25027
"松山","2019-06-04",26285,25345
"松山","2019-06-05",26801,25838
"松山","2019-06-06",27321,26516
"松山","2019-06-07",17722,17023
"松山","2019-06-08",20733,19459
"松山","2019-06-09",17445,16171
"松山","2019-06-10",24941,23745
"松山","2019-06-11",24527,24020
"松山","2019-06-12",25942,24750
"松山","2019-06-13",25900,25013
"松山","2019-06-14",28716,27714
"松山","2019-06-15",22313,21252
"松山","2019-06-16",18341,17073
"松山","2019-06-17",25887,24854
"松山","2019-06-18",25551,24842
"松山","2019-06-19",26654,25601
"松山","2019-06-20",26444,25412
"松山","2019-06-21",28269,27093
"松山","2019-06-22",20851,19852
"松山","2019-06-23",14827,14103
"松山","2019-06-24",26365,25031
"松山","2019-06-25",25130,24074
"松山","2019-06-26",26427,25056
"松山","2019-06-27",26556,25434
"松山","2019-06-28",28851,27783
"松山","2019-06-29",21180,20647
"松山","2019-06-30",17076,16248
"輔大","2019-06-01",9567,9553
"輔大","2019-06-02",7063,8071
"輔大","2019-06-03",13201,14489
"輔大","2019-06-04",13513,14426
"輔大","2019-06-05",13778,14519
"輔大","2019-06-06",15224,14495
"輔大","2019-06-07",6398,5860
"輔大","2019-06-08",7054,7440
"輔大","2019-06-09",5870,7566
"輔大","2019-06-10",12990,14815
"輔大","2019-06-11",13097,14010
"輔大","2019-06-12",13099,14224
"輔大","2019-06-13",13623,14440
"輔大","2019-06-14",13713,14236
"輔大","2019-06-15",15364,15674
"輔大","2019-06-16",6914,7411
"輔大","2019-06-17",12373,13500
"輔大","2019-06-18",12617,13535
"輔大","2019-06-19",12729,13448
"輔大","2019-06-20",13107,14055
"輔大","2019-06-21",14419,14617
"輔大","2019-06-22",9819,9730
"輔大","2019-06-23",6986,7205
"輔大","2019-06-24",9048,9726
"輔大","2019-06-25",8528,9420
"輔大","2019-06-26",8803,9631
"輔大","2019-06-27",8858,9633
"輔大","2019-06-28",9134,9819
"輔大","2019-06-29",7501,7839
"輔大","2019-06-30",6312,6904
"新莊","2019-06-01",9571,10360
"新莊","2019-06-02",9677,9762
"新莊","2019-06-03",11264,12257
"新莊","2019-06-04",10937,11649
"新莊","2019-06-05",11287,12088
"新莊","2019-06-06",11951,12662
"新莊","2019-06-07",6280,6858
"新莊","2019-06-08",7657,8278
"新莊","2019-06-09",7179,7684
"新莊","2019-06-10",10443,11316
"新莊","2019-06-11",10505,11328
"新莊","2019-06-12",10807,11633
"新莊","2019-06-13",10882,11478
"新莊","2019-06-14",11990,12823
"新莊","2019-06-15",14599,15127
"新莊","2019-06-16",11729,12311
"新莊","2019-06-17",10668,11349
"新莊","2019-06-18",10834,11614
"新莊","2019-06-19",11231,12185
"新莊","2019-06-20",11020,11676
"新莊","2019-06-21",11598,12476
"新莊","2019-06-22",12230,12839
"新莊","2019-06-23",9764,10184
"新莊","2019-06-24",10148,10886
"新莊","2019-06-25",10338,11202
"新莊","2019-06-26",10587,11338
"新莊","2019-06-27",10853,11701
"新莊","2019-06-28",11985,12858
"新莊","2019-06-29",12375,12995
"新莊","2019-06-30",7620,8129
"頭前庄","2019-06-01",4701,4581
"頭前庄","2019-06-02",4645,4522
"頭前庄","2019-06-03",5841,5400
"頭前庄","2019-06-04",5637,5051
"頭前庄","2019-06-05",5711,5225
"頭前庄","2019-06-06",5901,5250
"頭前庄","2019-06-07",3446,3476
"頭前庄","2019-06-08",4027,3989
"頭前庄","2019-06-09",3562,3450
"頭前庄","2019-06-10",5400,4885
"頭前庄","2019-06-11",5605,4812
"頭前庄","2019-06-12",5681,5083
"頭前庄","2019-06-13",5685,5035
"頭前庄","2019-06-14",5913,5239
"頭前庄","2019-06-15",5326,5026
"頭前庄","2019-06-16",4039,3843
"頭前庄","2019-06-17",5262,4794
"頭前庄","2019-06-18",5474,4937
"頭前庄","2019-06-19",5520,4960
"頭前庄","2019-06-20",5643,4989
"頭前庄","2019-06-21",5740,5322
"頭前庄","2019-06-22",4658,4618
"頭前庄","2019-06-23",3410,3233
"頭前庄","2019-06-24",5397,4732
"頭前庄","2019-06-25",5402,4863
"頭前庄","2019-06-26",5396,5026
"頭前庄","2019-06-27",5467,4965
"頭前庄","2019-06-28",5881,5513
"頭前庄","2019-06-29",4801,4647
"頭前庄","2019-06-30",3999,3757
"先嗇宮","2019-06-01",2579,2554
"先嗇宮","2019-06-02",2137,2148
"先嗇宮","2019-06-03",5141,5066
"先嗇宮","2019-06-04",5090,5025
"先嗇宮","2019-06-05",5268,5234
"先嗇宮","2019-06-06",5333,5171
"先嗇宮","2019-06-07",1905,1905
"先嗇宮","2019-06-08",2069,2108
"先嗇宮","2019-06-09",2044,2090
"先嗇宮","2019-06-10",5090,4837
"先嗇宮","2019-06-11",5360,5182
"先嗇宮","2019-06-12",5313,5204
"先嗇宮","2019-06-13",5401,5326
"先嗇宮","2019-06-14",5356,5366
"先嗇宮","2019-06-15",2782,2761
"先嗇宮","2019-06-16",2283,2210
"先嗇宮","2019-06-17",4944,4866
"先嗇宮","2019-06-18",5043,4984
"先嗇宮","2019-06-19",5162,5110
"先嗇宮","2019-06-20",5343,5222
"先嗇宮","2019-06-21",5271,5213
"先嗇宮","2019-06-22",2561,2570
"先嗇宮","2019-06-23",2139,2061
"先嗇宮","2019-06-24",5276,5083
"先嗇宮","2019-06-25",5249,5017
"先嗇宮","2019-06-26",5296,5163
"先嗇宮","2019-06-27",5215,5087
"先嗇宮","2019-06-28",5574,5436
"先嗇宮","2019-06-29",2707,2634
"先嗇宮","2019-06-30",2165,2218
"三重","2019-06-01",6259,6348
"三重","2019-06-02",5469,5638
"三重","2019-06-03",6265,6297
"三重","2019-06-04",6459,6449
"三重","2019-06-05",6628,6702
"三重","2019-06-06",6889,6960
"三重","2019-06-07",4553,4804
"三重","2019-06-08",5370,5516
"三重","2019-06-09",5169,5258
"三重","2019-06-10",6333,6484
"三重","2019-06-11",6370,6385
"三重","2019-06-12",6440,6671
"三重","2019-06-13",6755,6706
"三重","2019-06-14",7050,6974
"三重","2019-06-15",6824,6863
"三重","2019-06-16",7008,7081
"三重","2019-06-17",6384,6486
"三重","2019-06-18",6366,6327
"三重","2019-06-19",6454,6581
"三重","2019-06-20",6530,6563
"三重","2019-06-21",6912,6853
"三重","2019-06-22",6193,6159
"三重","2019-06-23",5007,5024
"三重","2019-06-24",6487,6454
"三重","2019-06-25",6392,6566
"三重","2019-06-26",6552,6660
"三重","2019-06-27",6522,6472
"三重","2019-06-28",7121,7233
"三重","2019-06-29",6122,6336
"三重","2019-06-30",5199,5480
"菜寮","2019-06-01",9686,9794
"菜寮","2019-06-02",6861,6802
"菜寮","2019-06-03",10355,10294
"菜寮","2019-06-04",10652,10432
"菜寮","2019-06-05",10538,10390
"菜寮","2019-06-06",10939,10495
"菜寮","2019-06-07",6088,5737
"菜寮","2019-06-08",6918,7138
"菜寮","2019-06-09",6166,6359
"菜寮","2019-06-10",10272,10441
"菜寮","2019-06-11",11050,11062
"菜寮","2019-06-12",10707,10885
"菜寮","2019-06-13",11258,10926
"菜寮","2019-06-14",11715,10944
"菜寮","2019-06-15",8848,8918
"菜寮","2019-06-16",7212,7116
"菜寮","2019-06-17",10417,10143
"菜寮","2019-06-18",10379,10389
"菜寮","2019-06-19",10608,10588
"菜寮","2019-06-20",10694,10510
"菜寮","2019-06-21",10865,10496
"菜寮","2019-06-22",8242,8251
"菜寮","2019-06-23",6372,6414
"菜寮","2019-06-24",10406,10075
"菜寮","2019-06-25",10168,10491
"菜寮","2019-06-26",10361,10360
"菜寮","2019-06-27",10375,10271
"菜寮","2019-06-28",11223,11046
"菜寮","2019-06-29",8149,8060
"菜寮","2019-06-30",6399,6472
"台北橋","2019-06-01",10025,10027
"台北橋","2019-06-02",7992,8094
"台北橋","2019-06-03",9772,9826
"台北橋","2019-06-04",10124,10240
"台北橋","2019-06-05",10279,10497
"台北橋","2019-06-06",10903,11124
"台北橋","2019-06-07",8194,8304
"台北橋","2019-06-08",9099,9544
"台北橋","2019-06-09",7496,7963
"台北橋","2019-06-10",9569,10046
"台北橋","2019-06-11",10372,10215
"台北橋","2019-06-12",9911,10422
"台北橋","2019-06-13",10446,10213
"台北橋","2019-06-14",10869,11101
"台北橋","2019-06-15",10311,10689
"台北橋","2019-06-16",8096,8235
"台北橋","2019-06-17",9810,10025
"台北橋","2019-06-18",9688,9982
"台北橋","2019-06-19",9681,9912
"台北橋","2019-06-20",9935,10076
"台北橋","2019-06-21",10528,10878
"台北橋","2019-06-22",9621,9902
"台北橋","2019-06-23",7713,7935
"台北橋","2019-06-24",10186,10220
"台北橋","2019-06-25",9665,10198
"台北橋","2019-06-26",9952,10253
"台北橋","2019-06-27",9975,10261
"台北橋","2019-06-28",11347,11652
"台北橋","2019-06-29",9553,9714
"台北橋","2019-06-30",8037,8218
"大橋頭站","2019-06-01",13801,11221
"大橋頭站","2019-06-02",12665,9316
"大橋頭站","2019-06-03",13816,11932
"大橋頭站","2019-06-04",13646,11850
"大橋頭站","2019-06-05",13862,12096
"大橋頭站","2019-06-06",15976,12599
"大橋頭站","2019-06-07",10514,8112
"大橋頭站","2019-06-08",11986,10036
"大橋頭站","2019-06-09",11863,8473
"大橋頭站","2019-06-10",14395,11920
"大橋頭站","2019-06-11",13660,12206
"大橋頭站","2019-06-12",13497,11994
"大橋頭站","2019-06-13",14181,12495
"大橋頭站","2019-06-14",15805,12760
"大橋頭站","2019-06-15",14312,11974
"大橋頭站","2019-06-16",12462,9313
"大橋頭站","2019-06-17",13697,11986
"大橋頭站","2019-06-18",13734,12007
"大橋頭站","2019-06-19",13970,12183
"大橋頭站","2019-06-20",14016,12151
"大橋頭站","2019-06-21",15822,12650
"大橋頭站","2019-06-22",13820,11012
"大橋頭站","2019-06-23",11183,8757
"大橋頭站","2019-06-24",13886,11872
"大橋頭站","2019-06-25",13437,11990
"大橋頭站","2019-06-26",13922,12272
"大橋頭站","2019-06-27",14005,12234
"大橋頭站","2019-06-28",15806,12917
"大橋頭站","2019-06-29",13147,10522
"大橋頭站","2019-06-30",11521,8558
"中山國小","2019-06-01",14803,14862
"中山國小","2019-06-02",12126,11896
"中山國小","2019-06-03",17991,17947
"中山國小","2019-06-04",18464,18458
"中山國小","2019-06-05",18516,18154
"中山國小","2019-06-06",18647,18462
"中山國小","2019-06-07",10942,11049
"中山國小","2019-06-08",11887,12155
"中山國小","2019-06-09",10917,11254
"中山國小","2019-06-10",18244,18016
"中山國小","2019-06-11",18753,18465
"中山國小","2019-06-12",18787,18566
"中山國小","2019-06-13",19255,19229
"中山國小","2019-06-14",19725,20393
"中山國小","2019-06-15",15229,15426
"中山國小","2019-06-16",12488,12242
"中山國小","2019-06-17",18189,17579
"中山國小","2019-06-18",18100,17641
"中山國小","2019-06-19",18812,18375
"中山國小","2019-06-20",18573,18397
"中山國小","2019-06-21",19271,19569
"中山國小","2019-06-22",14486,14585
"中山國小","2019-06-23",11892,12082
"中山國小","2019-06-24",18278,18147
"中山國小","2019-06-25",18215,17911
"中山國小","2019-06-26",18696,18537
"中山國小","2019-06-27",18630,18513
"中山國小","2019-06-28",20049,19959
"中山國小","2019-06-29",14040,14308
"中山國小","2019-06-30",11759,11687
"行天宮","2019-06-01",21578,21689
"行天宮","2019-06-02",18601,18874
"行天宮","2019-06-03",29805,30705
"行天宮","2019-06-04",29866,30675
"行天宮","2019-06-05",29832,30812
"行天宮","2019-06-06",30335,30895
"行天宮","2019-06-07",14931,15081
"行天宮","2019-06-08",17598,18272
"行天宮","2019-06-09",15751,16290
"行天宮","2019-06-10",29608,30054
"行天宮","2019-06-11",30176,30522
"行天宮","2019-06-12",30858,31168
"行天宮","2019-06-13",30995,31697
"行天宮","2019-06-14",31995,33328
"行天宮","2019-06-15",23097,23790
"行天宮","2019-06-16",19337,19341
"行天宮","2019-06-17",30395,31046
"行天宮","2019-06-18",30176,31004
"行天宮","2019-06-19",30138,30946
"行天宮","2019-06-20",30475,31227
"行天宮","2019-06-21",31632,33439
"行天宮","2019-06-22",21370,21992
"行天宮","2019-06-23",17497,17634
"行天宮","2019-06-24",29723,30849
"行天宮","2019-06-25",30427,30646
"行天宮","2019-06-26",31321,31747
"行天宮","2019-06-27",30472,31638
"行天宮","2019-06-28",32318,33698
"行天宮","2019-06-29",21766,22196
"行天宮","2019-06-30",17683,18041
"東門","2019-06-01",27690,26572
"東門","2019-06-02",21863,22370
"東門","2019-06-03",24452,24960
"東門","2019-06-04",25311,25636
"東門","2019-06-05",26374,26557
"東門","2019-06-06",26975,27320
"東門","2019-06-07",19424,19420
"東門","2019-06-08",22220,22828
"東門","2019-06-09",19358,20020
"東門","2019-06-10",24274,24778
"東門","2019-06-11",24807,25036
"東門","2019-06-12",26285,26520
"東門","2019-06-13",26207,26814
"東門","2019-06-14",28252,28917
"東門","2019-06-15",25892,26700
"東門","2019-06-16",22431,22750
"東門","2019-06-17",24678,25036
"東門","2019-06-18",25653,26096
"東門","2019-06-19",25839,26408
"東門","2019-06-20",26499,26939
"東門","2019-06-21",28220,28746
"東門","2019-06-22",25110,25738
"東門","2019-06-23",22504,21577
"東門","2019-06-24",25019,25686
"東門","2019-06-25",25877,26253
"東門","2019-06-26",26182,27053
"東門","2019-06-27",25879,26791
"東門","2019-06-28",28907,29647
"東門","2019-06-29",24339,24878
"東門","2019-06-30",20496,21412
"蘆洲","2019-06-01",12751,11645
"蘆洲","2019-06-02",10203,9502
"蘆洲","2019-06-03",14772,13591
"蘆洲","2019-06-04",15078,13915
"蘆洲","2019-06-05",15376,13912
"蘆洲","2019-06-06",15934,14593
"蘆洲","2019-06-07",10443,9582
"蘆洲","2019-06-08",11540,10750
"蘆洲","2019-06-09",9754,9140
"蘆洲","2019-06-10",14976,13785
"蘆洲","2019-06-11",15075,13878
"蘆洲","2019-06-12",15172,13990
"蘆洲","2019-06-13",15284,14064
"蘆洲","2019-06-14",16169,14579
"蘆洲","2019-06-15",12970,11885
"蘆洲","2019-06-16",10288,9712
"蘆洲","2019-06-17",14813,13459
"蘆洲","2019-06-18",15060,13683
"蘆洲","2019-06-19",15016,13620
"蘆洲","2019-06-20",15109,13863
"蘆洲","2019-06-21",15856,14549
"蘆洲","2019-06-22",12318,11083
"蘆洲","2019-06-23",9386,8912
"蘆洲","2019-06-24",14971,13535
"蘆洲","2019-06-25",14853,13816
"蘆洲","2019-06-26",15067,13661
"蘆洲","2019-06-27",15201,13854
"蘆洲","2019-06-28",16223,14867
"蘆洲","2019-06-29",12459,11412
"蘆洲","2019-06-30",10334,9792
"三民高中","2019-06-01",11154,11066
"三民高中","2019-06-02",8890,8967
"三民高中","2019-06-03",12624,12891
"三民高中","2019-06-04",12691,13051
"三民高中","2019-06-05",12716,13030
"三民高中","2019-06-06",13196,13136
"三民高中","2019-06-07",8248,8043
"三民高中","2019-06-08",9726,9934
"三民高中","2019-06-09",8333,8615
"三民高中","2019-06-10",12286,12719
"三民高中","2019-06-11",11991,12475
"三民高中","2019-06-12",12659,12840
"三民高中","2019-06-13",12397,12673
"三民高中","2019-06-14",13452,13754
"三民高中","2019-06-15",11078,10947
"三民高中","2019-06-16",8929,8987
"三民高中","2019-06-17",12102,12558
"三民高中","2019-06-18",12442,12825
"三民高中","2019-06-19",12603,12815
"三民高中","2019-06-20",12456,12773
"三民高中","2019-06-21",13222,13259
"三民高中","2019-06-22",10226,10316
"三民高中","2019-06-23",7998,8213
"三民高中","2019-06-24",11901,12259
"三民高中","2019-06-25",12021,12342
"三民高中","2019-06-26",12447,12623
"三民高中","2019-06-27",12395,12717
"三民高中","2019-06-28",13515,13550
"三民高中","2019-06-29",10378,10314
"三民高中","2019-06-30",8726,8793
"徐匯中學","2019-06-01",11425,11882
"徐匯中學","2019-06-02",9152,9495
"徐匯中學","2019-06-03",12113,12710
"徐匯中學","2019-06-04",12181,13022
"徐匯中學","2019-06-05",12424,13093
"徐匯中學","2019-06-06",13006,13683
"徐匯中學","2019-06-07",8394,8555
"徐匯中學","2019-06-08",9927,10212
"徐匯中學","2019-06-09",8386,8987
"徐匯中學","2019-06-10",12239,13189
"徐匯中學","2019-06-11",12542,13464
"徐匯中學","2019-06-12",12441,13482
"徐匯中學","2019-06-13",12829,13505
"徐匯中學","2019-06-14",13451,13915
"徐匯中學","2019-06-15",11752,11933
"徐匯中學","2019-06-16",9284,9694
"徐匯中學","2019-06-17",12065,12755
"徐匯中學","2019-06-18",12249,12956
"徐匯中學","2019-06-19",12484,13039
"徐匯中學","2019-06-20",12446,13128
"徐匯中學","2019-06-21",13201,13662
"徐匯中學","2019-06-22",11251,11328
"徐匯中學","2019-06-23",8717,9299
"徐匯中學","2019-06-24",12284,12815
"徐匯中學","2019-06-25",12202,13193
"徐匯中學","2019-06-26",12555,13259
"徐匯中學","2019-06-27",12424,12949
"徐匯中學","2019-06-28",13864,14400
"徐匯中學","2019-06-29",11237,11703
"徐匯中學","2019-06-30",9397,9834
"三和國中","2019-06-01",11288,10766
"三和國中","2019-06-02",9047,8867
"三和國中","2019-06-03",13144,12517
"三和國中","2019-06-04",13213,12672
"三和國中","2019-06-05",13228,12688
"三和國中","2019-06-06",13748,12915
"三和國中","2019-06-07",8445,7959
"三和國中","2019-06-08",9666,9210
"三和國中","2019-06-09",8383,8341
"三和國中","2019-06-10",13136,12776
"三和國中","2019-06-11",13383,12999
"三和國中","2019-06-12",13162,12902
"三和國中","2019-06-13",13799,13229
"三和國中","2019-06-14",14374,13385
"三和國中","2019-06-15",11081,10425
"三和國中","2019-06-16",8938,8861
"三和國中","2019-06-17",12984,12399
"三和國中","2019-06-18",13140,12640
"三和國中","2019-06-19",13249,12716
"三和國中","2019-06-20",13098,12377
"三和國中","2019-06-21",13875,13012
"三和國中","2019-06-22",10583,10119
"三和國中","2019-06-23",8569,8456
"三和國中","2019-06-24",13167,12388
"三和國中","2019-06-25",12870,12666
"三和國中","2019-06-26",13249,12674
"三和國中","2019-06-27",13235,12505
"三和國中","2019-06-28",14583,13438
"三和國中","2019-06-29",10719,10123
"三和國中","2019-06-30",8998,8707
"三重國小","2019-06-01",11285,11196
"三重國小","2019-06-02",9276,9279
"三重國小","2019-06-03",11938,12241
"三重國小","2019-06-04",12280,12469
"三重國小","2019-06-05",12345,12374
"三重國小","2019-06-06",12947,12975
"三重國小","2019-06-07",8936,8583
"三重國小","2019-06-08",9594,9863
"三重國小","2019-06-09",8492,8878
"三重國小","2019-06-10",12075,12538
"三重國小","2019-06-11",12197,12794
"三重國小","2019-06-12",12349,12764
"三重國小","2019-06-13",12729,12844
"三重國小","2019-06-14",13495,13270
"三重國小","2019-06-15",11455,11515
"三重國小","2019-06-16",9577,9549
"三重國小","2019-06-17",12120,12370
"三重國小","2019-06-18",12222,12424
"三重國小","2019-06-19",12286,12487
"三重國小","2019-06-20",12104,12403
"三重國小","2019-06-21",12706,12856
"三重國小","2019-06-22",10730,10967
"三重國小","2019-06-23",8700,9100
"三重國小","2019-06-24",11983,12153
"三重國小","2019-06-25",11905,12426
"三重國小","2019-06-26",12235,12450
"三重國小","2019-06-27",12222,12154
"三重國小","2019-06-28",13228,13255
"三重國小","2019-06-29",10897,10939
"三重國小","2019-06-30",9338,9279
"迴龍","2019-06-01",8901,8664
"迴龍","2019-06-02",8138,7826
"迴龍","2019-06-03",11143,10444
"迴龍","2019-06-04",11095,10385
"迴龍","2019-06-05",11496,10702
"迴龍","2019-06-06",12094,10960
"迴龍","2019-06-07",6776,6398
"迴龍","2019-06-08",7653,7466
"迴龍","2019-06-09",7020,7059
"迴龍","2019-06-10",10939,10266
"迴龍","2019-06-11",11013,10356
"迴龍","2019-06-12",11099,10478
"迴龍","2019-06-13",10987,10193
"迴龍","2019-06-14",11607,10561
"迴龍","2019-06-15",9283,9123
"迴龍","2019-06-16",7553,7364
"迴龍","2019-06-17",10755,10168
"迴龍","2019-06-18",10952,10310
"迴龍","2019-06-19",11296,10503
"迴龍","2019-06-20",11103,10312
"迴龍","2019-06-21",11671,10643
"迴龍","2019-06-22",8801,8579
"迴龍","2019-06-23",6699,6548
"迴龍","2019-06-24",9643,8881
"迴龍","2019-06-25",9729,9140
"迴龍","2019-06-26",10145,9369
"迴龍","2019-06-27",10052,9313
"迴龍","2019-06-28",10881,9887
"迴龍","2019-06-29",8076,7834
"迴龍","2019-06-30",6484,6380
"丹鳳","2019-06-01",8897,8280
"丹鳳","2019-06-02",7668,7072
"丹鳳","2019-06-03",10016,9255
"丹鳳","2019-06-04",9991,9142
"丹鳳","2019-06-05",10163,9232
"丹鳳","2019-06-06",10997,9819
"丹鳳","2019-06-07",6603,6048
"丹鳳","2019-06-08",7690,6985
"丹鳳","2019-06-09",6991,6547
"丹鳳","2019-06-10",10084,9207
"丹鳳","2019-06-11",9957,9036
"丹鳳","2019-06-12",10158,9237
"丹鳳","2019-06-13",10161,9232
"丹鳳","2019-06-14",10800,9570
"丹鳳","2019-06-15",9199,8256
"丹鳳","2019-06-16",7212,6735
"丹鳳","2019-06-17",9889,8929
"丹鳳","2019-06-18",10010,9204
"丹鳳","2019-06-19",10140,9322
"丹鳳","2019-06-20",10147,9105
"丹鳳","2019-06-21",10793,9411
"丹鳳","2019-06-22",8359,7536
"丹鳳","2019-06-23",6486,6171
"丹鳳","2019-06-24",9877,8954
"丹鳳","2019-06-25",9874,9107
"丹鳳","2019-06-26",9978,9172
"丹鳳","2019-06-27",9856,8981
"丹鳳","2019-06-28",10809,9759
"丹鳳","2019-06-29",8368,7712
"丹鳳","2019-06-30",6805,6339
